id,title,theme_ids_old,theme_ids_new,channels_new_readable,motivering
79587,100% bacterial dye,79|68,79,Bio-based & Living Materials,"§4.4 geen welzijns- of natuurbelevingsclaim; patroonbesluit 19-08, bevestigd door de redactie 25-08"
20548,2.5D print,68,NONE,geen,"§4.4 geen welzijns- of natuurbelevingsclaim; patroonbesluit 19-08, bevestigd door de redactie 25-08"
70688,2000N Pressed Shoe,68,NONE,geen,"§4.4 geen welzijns- of natuurbelevingsclaim; patroonbesluit 19-08, bevestigd door de redactie 25-08"
1365,2TEC2,68,NONE,geen,"§4.4 geen welzijns- of natuurbelevingsclaim; patroonbesluit 19-08, bevestigd door de redactie 25-08"
87001,2tec2 high tech flooring,68,NONE,geen,"§4.4 geen welzijns- of natuurbelevingsclaim; patroonbesluit 19-08, bevestigd door de redactie 25-08"
104564,2tec2 – Marble & Desert,68,NONE,geen,"§4.4 geen welzijns- of natuurbelevingsclaim; patroonbesluit 19-08, bevestigd door de redactie 25-08"
75857,37.5 technology WPB laminate,68|69,69,Smart & Responsive,"§4.4 geen welzijns- of natuurbelevingsclaim; patroonbesluit 19-08, bevestigd door de redactie 25-08"
70930,3D knitted jersey,68,NONE,geen,"§4.4 geen welzijns- of natuurbelevingsclaim; patroonbesluit 19-08, bevestigd door de redactie 25-08"
35320,3D Printed Surface,68,NONE,geen,"§4.4 geen welzijns- of natuurbelevingsclaim; patroonbesluit 19-08, bevestigd door de redactie 25-08"
134675,3D Printed Urban Ceramics 4D Tile,68|75,68|2601|2456,Biophilic & Human-Centred | Living Materials | Regenerative,"tegelgeometrie die vocht vasthoudt zodat begroeiing zich vestigt | §1.2 maximaal drie channels: New Making laten vallen, het specifiekste channel wint"
129717,3D Printing Clay facade bricks,916,916|2456,Circular | Regenerative,gevelsteen met holtes die groen herbergen; stedelijke biodiversiteit als doel
39187,3D stretch,68,2471,Sense & Sensibility,"§4 de tekst benoemt zelf een uitgesproken zintuiglijke eigenschap als propositie — reliëf, textuur, lichtwerking, tactiliteit, geur of kleur die met de kijkhoek verandert"
1511,3D Textiles,,2471,Sense & Sensibility,"§4 de tekst benoemt zelf een uitgesproken zintuiglijke eigenschap als propositie — reliëf, textuur, lichtwerking, tactiliteit, geur of kleur die met de kijkhoek verandert"
32588,3D Textiles by Gaetano Rossini,68|77,77,Lightweight,"§4.4 geen welzijns- of natuurbelevingsclaim; patroonbesluit 19-08, bevestigd door de redactie 25-08"
32278,3D Veneer,917|68|2453,917|2453,Acoustic | Timber,"§4.4 geen welzijns- of natuurbelevingsclaim; patroonbesluit 19-08, bevestigd door de redactie 25-08"
2485,3d-design,,2471,Sense & Sensibility,"§4 de tekst benoemt zelf een uitgesproken zintuiglijke eigenschap als propositie — reliëf, textuur, lichtwerking, tactiliteit, geur of kleur die met de kijkhoek verandert"
2235,Abstract Mirror,68,NONE,geen,"§4.4 geen welzijns- of natuurbelevingsclaim; patroonbesluit 19-08, bevestigd door de redactie 25-08"
2580,Accoya,79|68,79|2511,Bio-based & Living Materials | Healthy & Non-Toxic,acetylering maakt het hout duurzaam zonder het toxisch te maken
89942,Acoustic curtain fabrics,917|68,917,Acoustic,"§4.4 geen welzijns- of natuurbelevingsclaim; patroonbesluit 19-08, bevestigd door de redactie 25-08"
42156,Acoustic metal,68,NONE,geen,"§4.4 geen welzijns- of natuurbelevingsclaim; patroonbesluit 19-08, bevestigd door de redactie 25-08"
93444,Acoustic PET Felt,917|68|916,917|916,Acoustic | Circular,"§4.4 geen welzijns- of natuurbelevingsclaim; patroonbesluit 19-08, bevestigd door de redactie 25-08"
57652,Acoustic reed elements,79|68|916,79|916,Bio-based & Living Materials | Circular,"§4.4 geen welzijns- of natuurbelevingsclaim; patroonbesluit 19-08, bevestigd door de redactie 25-08"
29568,Acrylic Couture,68,NONE,geen,"§4.4 geen welzijns- of natuurbelevingsclaim; patroonbesluit 19-08, bevestigd door de redactie 25-08"
765,Acrylic One,68,NONE,geen,"§4.4 geen welzijns- of natuurbelevingsclaim; patroonbesluit 19-08, bevestigd door de redactie 25-08"
68049,Adamant Textile,68,NONE,geen,"§4.4 geen welzijns- of natuurbelevingsclaim; patroonbesluit 19-08, bevestigd door de redactie 25-08"
120697,Aectual Wrap Panel,68|916,916,Circular,"§4.4 geen welzijns- of natuurbelevingsclaim; patroonbesluit 19-08, bevestigd door de redactie 25-08"
1441,Aeras,,2471,Sense & Sensibility,"§4 de tekst benoemt zelf een uitgesproken zintuiglijke eigenschap als propositie — reliëf, textuur, lichtwerking, tactiliteit, geur of kleur die met de kijkhoek verandert"
32288,Aestetica composites,68|77,77,Lightweight,"§4.4 geen welzijns- of natuurbelevingsclaim; patroonbesluit 19-08, bevestigd door de redactie 25-08"
1337,Aesthetical Ceramics,68,NONE,geen,"§4.4 geen welzijns- of natuurbelevingsclaim; patroonbesluit 19-08, bevestigd door de redactie 25-08"
72939,Akdolam lightweight stone panels,68,NONE,geen,"§4.4 geen welzijns- of natuurbelevingsclaim; patroonbesluit 19-08, bevestigd door de redactie 25-08"
36988,Alesta Powder Coating – The Finetextured Collection,68,NONE,geen,"§4.4 geen welzijns- of natuurbelevingsclaim; patroonbesluit 19-08, bevestigd door de redactie 25-08"
2097,Allure & Manhattan,,2471,Sense & Sensibility,"§4 de tekst benoemt zelf een uitgesproken zintuiglijke eigenschap als propositie — reliëf, textuur, lichtwerking, tactiliteit, geur of kleur die met de kijkhoek verandert"
1476,Alpha Tacto,,2471,Sense & Sensibility,"§4 de tekst benoemt zelf een uitgesproken zintuiglijke eigenschap als propositie — reliëf, textuur, lichtwerking, tactiliteit, geur of kleur die met de kijkhoek verandert"
32730,ALPIlignum,79|68,79|2511,Bio-based & Living Materials | Healthy & Non-Toxic,gekleurd met niet-toxische kleurstoffen
2011,Alrox,68,NONE,geen,"§4.4 geen welzijns- of natuurbelevingsclaim; patroonbesluit 19-08, bevestigd door de redactie 25-08"
311,Altuglas Dual Satin,68,2471,Sense & Sensibility,"§4 de tekst benoemt zelf een uitgesproken zintuiglijke eigenschap als propositie — reliëf, textuur, lichtwerking, tactiliteit, geur of kleur die met de kijkhoek verandert"
287,ALUCOBOND®,68,NONE,geen,"§4.4 geen welzijns- of natuurbelevingsclaim; patroonbesluit 19-08, bevestigd door de redactie 25-08"
2425,Aluminium chain links,68,NONE,geen,"§4.4 geen welzijns- of natuurbelevingsclaim; patroonbesluit 19-08, bevestigd door de redactie 25-08"
52623,Aluminium full colour,917|68,917,Acoustic,"§4.4 geen welzijns- of natuurbelevingsclaim; patroonbesluit 19-08, bevestigd door de redactie 25-08"
2715,Aluminium Surface Collections,77,77|2471,Lightweight | Sense & Sensibility,"§4 de tekst benoemt zelf een uitgesproken zintuiglijke eigenschap als propositie — reliëf, textuur, lichtwerking, tactiliteit, geur of kleur die met de kijkhoek verandert"
129501,AluOldCopper,68,NONE,geen,"§4.4 geen welzijns- of natuurbelevingsclaim; patroonbesluit 19-08, bevestigd door de redactie 25-08"
48920,AmbientPro+ graphene paint,68|69,69|2511,Smart & Responsive | Healthy & Non-Toxic,fotokatalytische verf breekt schadelijke deeltjes af
134536,An edible mission. More than Packaging_,79|916,79|916|2601,Bio-based & Living Materials | Circular | Living Materials,"§4 myceliumvellen gecombineerd met algenfilm — nieuw channel Living Materials, afgesplitst van Bio-based"
70344,ANEMONIA,68,NONE,geen,"§4.4 geen welzijns- of natuurbelevingsclaim; patroonbesluit 19-08, bevestigd door de redactie 25-08"
94517,Antibacterial surfaces,68,2511,Healthy & Non-Toxic,"antibacterieel oppervlak, expliciet voor zorg- en onderwijsomgevingen"
2237,Antimicrobial Copper,68,2511,Healthy & Non-Toxic,"koperlegering doodt 99,9% van de bacteriën binnen twee uur"
17334,Antimicrobial Copper: Brass,68,2511,Healthy & Non-Toxic,"antimicrobiële koperlegering, brede werking tegen bacteriën, virussen en schimmels"
17328,Antimicrobial Copper: Bronze,68,2511,Healthy & Non-Toxic,"antimicrobiële koperlegering, brede werking tegen bacteriën, virussen en schimmels"
135832,Antique & Colourful mirrors,68,NONE,geen,"§4.4 geen welzijns- of natuurbelevingsclaim; patroonbesluit 19-08, bevestigd door de redactie 25-08"
76134,Antiqued mirror and gilded glass,68,NONE,geen,"§4.4 geen welzijns- of natuurbelevingsclaim; patroonbesluit 19-08, bevestigd door de redactie 25-08"
24709,ANVI Luxury Surfaces,68|73,73,Material Futures,"§4.4 geen welzijns- of natuurbelevingsclaim; patroonbesluit 19-08, bevestigd door de redactie 25-08"
90708,Aquatecture Water Harvesting Panel,917|68,917,Acoustic,"§4.4 geen welzijns- of natuurbelevingsclaim; patroonbesluit 19-08, bevestigd door de redactie 25-08"
74204,Archi Folds,917|68,917,Acoustic,"§4.4 geen welzijns- of natuurbelevingsclaim; patroonbesluit 19-08, bevestigd door de redactie 25-08"
48225,Architectural mesh,68,2471,Sense & Sensibility,"§4 de tekst benoemt zelf een uitgesproken zintuiglijke eigenschap als propositie — reliëf, textuur, lichtwerking, tactiliteit, geur of kleur die met de kijkhoek verandert"
30479,Architectural Titanium,68,NONE,geen,"§4.4 geen welzijns- of natuurbelevingsclaim; patroonbesluit 19-08, bevestigd door de redactie 25-08"
1736,Architextile,79|68,79,Bio-based & Living Materials,"§4.4 geen welzijns- of natuurbelevingsclaim; patroonbesluit 19-08, bevestigd door de redactie 25-08"
1791,Ardomix,,2471,Sense & Sensibility,"§4 de tekst benoemt zelf een uitgesproken zintuiglijke eigenschap als propositie — reliëf, textuur, lichtwerking, tactiliteit, geur of kleur die met de kijkhoek verandert"
716,Armourcast,,2471,Sense & Sensibility,"§4 de tekst benoemt zelf een uitgesproken zintuiglijke eigenschap als propositie — reliëf, textuur, lichtwerking, tactiliteit, geur of kleur die met de kijkhoek verandert"
18548,AROMA AQ,,2471,Sense & Sensibility,"§4 de tekst benoemt zelf een uitgesproken zintuiglijke eigenschap als propositie — reliëf, textuur, lichtwerking, tactiliteit, geur of kleur die met de kijkhoek verandert"
40470,Arstyl,68,NONE,geen,"§4.4 geen welzijns- of natuurbelevingsclaim; patroonbesluit 19-08, bevestigd door de redactie 25-08"
24,Art Ferro,917|68,917,Acoustic,"§4.4 geen welzijns- of natuurbelevingsclaim; patroonbesluit 19-08, bevestigd door de redactie 25-08"
128104,Art Intervention,68,NONE,geen,"§4.4 geen welzijns- of natuurbelevingsclaim; patroonbesluit 19-08, bevestigd door de redactie 25-08"
1670,Art panel,917|68,917,Acoustic,"§4.4 geen welzijns- of natuurbelevingsclaim; patroonbesluit 19-08, bevestigd door de redactie 25-08"
135048,Artisan Silicone®,68,NONE,geen,"§4.4 geen welzijns- of natuurbelevingsclaim; patroonbesluit 19-08, bevestigd door de redactie 25-08"
1410,Artos,,2471,Sense & Sensibility,"§4 de tekst benoemt zelf een uitgesproken zintuiglijke eigenschap als propositie — reliëf, textuur, lichtwerking, tactiliteit, geur of kleur die met de kijkhoek verandert"
59910,Artstone,68|77,77,Lightweight,"§4.4 geen welzijns- of natuurbelevingsclaim; patroonbesluit 19-08, bevestigd door de redactie 25-08"
1480,Astrale,,2471,Sense & Sensibility,"§4 de tekst benoemt zelf een uitgesproken zintuiglijke eigenschap als propositie — reliëf, textuur, lichtwerking, tactiliteit, geur of kleur die met de kijkhoek verandert"
28064,Atelier Collection,79|68,79,Bio-based & Living Materials,"§4.4 geen welzijns- of natuurbelevingsclaim; patroonbesluit 19-08, bevestigd door de redactie 25-08"
1482,Atex Colour,917|68,917,Acoustic,"§4.4 geen welzijns- of natuurbelevingsclaim; patroonbesluit 19-08, bevestigd door de redactie 25-08"
55899,Atmospheric Wood,68,NONE,geen,"§4.4 geen welzijns- of natuurbelevingsclaim; patroonbesluit 19-08, bevestigd door de redactie 25-08"
2515,Avonite Glass Series,,2471,Sense & Sensibility,"§4 de tekst benoemt zelf een uitgesproken zintuiglijke eigenschap als propositie — reliëf, textuur, lichtwerking, tactiliteit, geur of kleur die met de kijkhoek verandert"
2539,Avonite Petals Series,,2471,Sense & Sensibility,"§4 de tekst benoemt zelf een uitgesproken zintuiglijke eigenschap als propositie — reliëf, textuur, lichtwerking, tactiliteit, geur of kleur die met de kijkhoek verandert"
1421,B-Clear,77,77|2471,Lightweight | Sense & Sensibility,"§4 de tekst benoemt zelf een uitgesproken zintuiglijke eigenschap als propositie — reliëf, textuur, lichtwerking, tactiliteit, geur of kleur die met de kijkhoek verandert"
119661,Bacterial cellulose,79,79|2601,Bio-based & Living Materials | Living Materials,"§4 bacteriecellulose, gevormd door fermentatie in een biofilm — nieuw channel Living Materials, afgesplitst van Bio-based"
2057,Bamboo Groove & Star Canopy,79|68,79,Bio-based & Living Materials,"§4.4 geen welzijns- of natuurbelevingsclaim; patroonbesluit 19-08, bevestigd door de redactie 25-08"
36737,Bamboo mosaic,79|68|916,79|916,Bio-based & Living Materials | Circular,"§4.4 geen welzijns- of natuurbelevingsclaim; patroonbesluit 19-08, bevestigd door de redactie 25-08"
43925,"Banana fibre, hemp & jute carpet",79|68,79,Bio-based & Living Materials,"§4.4 geen welzijns- of natuurbelevingsclaim; patroonbesluit 19-08, bevestigd door de redactie 25-08"
108299,Bananatex®,79|916,79|916|2456,Bio-based & Living Materials | Circular | Regenerative,herbebossing van gronden die door palmoliemonocultuur waren geërodeerd; biodiversiteit expliciet genoemd
1582,Barkcloth HPL,68,NONE,geen,"§4.4 geen welzijns- of natuurbelevingsclaim; patroonbesluit 19-08, bevestigd door de redactie 25-08"
1269,Barlo Cast Design,,2471,Sense & Sensibility,"§4 de tekst benoemt zelf een uitgesproken zintuiglijke eigenschap als propositie — reliëf, textuur, lichtwerking, tactiliteit, geur of kleur die met de kijkhoek verandert"
2380,Barrisol,68,2511,Healthy & Non-Toxic,"gegarandeerd zonder lood, ftalaten of cadmium; non-toxic"
124618,Barrisol Clim,68,NONE,geen,"§4.4 geen welzijns- of natuurbelevingsclaim; patroonbesluit 19-08, bevestigd door de redactie 25-08"
1414,Barrisol MICROSORBER®,917|68|2455,917|2455,Acoustic | Energy & Resilience,"§4.4 geen welzijns- of natuurbelevingsclaim; patroonbesluit 19-08, bevestigd door de redactie 25-08"
19771,BARRISOL MIRROR®,917|68,917,Acoustic,"§4.4 geen welzijns- of natuurbelevingsclaim; patroonbesluit 19-08, bevestigd door de redactie 25-08"
30009,Basalt Tiles,68|75,75,New Making,"§4.4 geen welzijns- of natuurbelevingsclaim; patroonbesluit 19-08, bevestigd door de redactie 25-08"
21329,Base Superbo,68,NONE,geen,"§4.4 geen welzijns- of natuurbelevingsclaim; patroonbesluit 19-08, bevestigd door de redactie 25-08"
42133,Baswa acoustic plaster,917|68,917,Acoustic,"§4.4 geen welzijns- of natuurbelevingsclaim; patroonbesluit 19-08, bevestigd door de redactie 25-08"
111569,BELEAF,79|68,79,Bio-based & Living Materials,"§4.4 geen welzijns- of natuurbelevingsclaim; patroonbesluit 19-08, bevestigd door de redactie 25-08"
33812,Bespoke 3D Leather,79|68,79,Bio-based & Living Materials,"§4.4 geen welzijns- of natuurbelevingsclaim; patroonbesluit 19-08, bevestigd door de redactie 25-08"
121102,Betonlook paint,68,2511,Healthy & Non-Toxic,"dampopen, luchtzuiverend, draagt bij aan een gezond binnenklimaat"
1892,Bia Metallic,68,NONE,geen,"§4.4 geen welzijns- of natuurbelevingsclaim; patroonbesluit 19-08, bevestigd door de redactie 25-08"
70864,Big Mesh,68,NONE,geen,"§4.4 geen welzijns- of natuurbelevingsclaim; patroonbesluit 19-08, bevestigd door de redactie 25-08"
126641,Bio-receptive 3D printed ceramics,68,68|2601,Biophilic & Human-Centred | Living Materials,"§4 3D-geprinte klei met levend mos — nieuw channel Living Materials, afgesplitst van Bio-based"
99464,Biological grown material,79|68|916,79|916,Bio-based & Living Materials | Circular,"§4.4 geen welzijns- of natuurbelevingsclaim; patroonbesluit 19-08, bevestigd door de redactie 25-08"
113114,Bioplastics from Organic Waste,79|68,79,Bio-based & Living Materials,"§4.4 geen welzijns- of natuurbelevingsclaim; patroonbesluit 19-08, bevestigd door de redactie 25-08"
134444,Birch Forest,79|68,79,Bio-based & Living Materials,"§4.4 geen welzijns- of natuurbelevingsclaim; patroonbesluit 19-08, bevestigd door de redactie 25-08"
127428,BirdShades bird protection window film,68|69,68|69|2456,Biophilic & Human-Centred | Smart & Responsive | Regenerative,BirdShades: raamfolie tegen vogelsterfte
235,Bisazza Mosaico Mix,,2471,Sense & Sensibility,"§4 de tekst benoemt zelf een uitgesproken zintuiglijke eigenschap als propositie — reliëf, textuur, lichtwerking, tactiliteit, geur of kleur die met de kijkhoek verandert"
1020,Black Heart,68,NONE,geen,"§4.4 geen welzijns- of natuurbelevingsclaim; patroonbesluit 19-08, bevestigd door de redactie 25-08"
55189,Black MDF – Fibracolour Negro,917|68,917,Acoustic,"§4.4 geen welzijns- of natuurbelevingsclaim; patroonbesluit 19-08, bevestigd door de redactie 25-08"
114665,Blend,68,NONE,geen,"§4.4 geen welzijns- of natuurbelevingsclaim; patroonbesluit 19-08, bevestigd door de redactie 25-08"
18926,BlingCrete light reflecting concrete,68|75|69,75|69,New Making | Smart & Responsive,"§4.4 geen welzijns- of natuurbelevingsclaim; patroonbesluit 19-08, bevestigd door de redactie 25-08"
1357,Blobb Tiles,68,NONE,geen,"§4.4 geen welzijns- of natuurbelevingsclaim; patroonbesluit 19-08, bevestigd door de redactie 25-08"
71289,Blown-up weave 2D & 3D,68,2471,Sense & Sensibility,"§4 de tekst benoemt zelf een uitgesproken zintuiglijke eigenschap als propositie — reliëf, textuur, lichtwerking, tactiliteit, geur of kleur die met de kijkhoek verandert"
113752,Bog Oak,79|68,79,Bio-based & Living Materials,"§4.4 geen welzijns- of natuurbelevingsclaim; patroonbesluit 19-08, bevestigd door de redactie 25-08"
105982,Bois Larmé,68,NONE,geen,"§4.4 geen welzijns- of natuurbelevingsclaim; patroonbesluit 19-08, bevestigd door de redactie 25-08"
290,Bolidt Flooring,68,NONE,geen,"§4.4 geen welzijns- of natuurbelevingsclaim; patroonbesluit 19-08, bevestigd door de redactie 25-08"
60641,BorjaJet roof tiles,68,NONE,geen,"§4.4 geen welzijns- of natuurbelevingsclaim; patroonbesluit 19-08, bevestigd door de redactie 25-08"
1349,Both,,2471,Sense & Sensibility,"§4 de tekst benoemt zelf een uitgesproken zintuiglijke eigenschap als propositie — reliëf, textuur, lichtwerking, tactiliteit, geur of kleur die met de kijkhoek verandert"
134626,Botticino Classico marble,68,NONE,geen,"§4.4 geen welzijns- of natuurbelevingsclaim; patroonbesluit 19-08, bevestigd door de redactie 25-08"
29433,Brass & Copper,68,NONE,geen,"§4.4 geen welzijns- of natuurbelevingsclaim; patroonbesluit 19-08, bevestigd door de redactie 25-08"
57002,Breathaboard,79|68,79|2511,Bio-based & Living Materials | Healthy & Non-Toxic,"reguleert vocht, vermindert luchtvervuiling en gezondheidsklachten"
56993,Breathaplasta wall plaster,917|79|68,917|79|2511,Acoustic | Bio-based & Living Materials | Healthy & Non-Toxic,remt schimmelgroei en vocht; de tekst benoemt astma en allergenen
36638,Brick,68|76,76|2471,Translucency | Sense & Sensibility,"§4 de tekst benoemt zelf een uitgesproken zintuiglijke eigenschap als propositie — reliëf, textuur, lichtwerking, tactiliteit, geur of kleur die met de kijkhoek verandert"
28472,Bricola collection,,2471,Sense & Sensibility,"§4 de tekst benoemt zelf een uitgesproken zintuiglijke eigenschap als propositie — reliëf, textuur, lichtwerking, tactiliteit, geur of kleur die met de kijkhoek verandert"
86761,Bruciato,68,2471,Sense & Sensibility,"§4 de tekst benoemt zelf een uitgesproken zintuiglijke eigenschap als propositie — reliëf, textuur, lichtwerking, tactiliteit, geur of kleur die met de kijkhoek verandert"
120675,Burned Wood,79|68,79,Bio-based & Living Materials,"§4.4 geen welzijns- of natuurbelevingsclaim; patroonbesluit 19-08, bevestigd door de redactie 25-08"
128533,BurntWood ReUse,68|916,916,Circular,"§4.4 geen welzijns- of natuurbelevingsclaim; patroonbesluit 19-08, bevestigd door de redactie 25-08"
64112,Butong bubble concrete,917|68,917,Acoustic,"§4.4 geen welzijns- of natuurbelevingsclaim; patroonbesluit 19-08, bevestigd door de redactie 25-08"
48092,Béton Picturale,68|75,75,New Making,"§4.4 geen welzijns- of natuurbelevingsclaim; patroonbesluit 19-08, bevestigd door de redactie 25-08"
113151,CaNaDry lime hemp mix,79|68,79,Bio-based & Living Materials,"§4.4 geen welzijns- of natuurbelevingsclaim; patroonbesluit 19-08, bevestigd door de redactie 25-08"
1567,Carpet tile,68,NONE,geen,"§4.4 geen welzijns- of natuurbelevingsclaim; patroonbesluit 19-08, bevestigd door de redactie 25-08"
27484,Carpets from Robusta,79|68,79,Bio-based & Living Materials,"§4.4 geen welzijns- of natuurbelevingsclaim; patroonbesluit 19-08, bevestigd door de redactie 25-08"
1913,Carrelage,,2471,Sense & Sensibility,"§4 de tekst benoemt zelf een uitgesproken zintuiglijke eigenschap als propositie — reliëf, textuur, lichtwerking, tactiliteit, geur of kleur die met de kijkhoek verandert"
1645,Cast Glass,,2471,Sense & Sensibility,"§4 de tekst benoemt zelf een uitgesproken zintuiglijke eigenschap als propositie — reliëf, textuur, lichtwerking, tactiliteit, geur of kleur die met de kijkhoek verandert"
111320,Cellular – the breathing facade tile,68,68|2601,Biophilic & Human-Centred | Living Materials,"§4 levende algen groeien op de geveltegel — nieuw channel Living Materials, afgesplitst van Bio-based"
134810,Ceramic Facing Bricks,68,NONE,geen,"§4.4 geen welzijns- of natuurbelevingsclaim; patroonbesluit 19-08, bevestigd door de redactie 25-08"
50573,Ceramic sand,68,NONE,geen,"§4.4 geen welzijns- of natuurbelevingsclaim; patroonbesluit 19-08, bevestigd door de redactie 25-08"
36732,Ceramic surface,68,2471,Sense & Sensibility,"§4 de tekst benoemt zelf een uitgesproken zintuiglijke eigenschap als propositie — reliëf, textuur, lichtwerking, tactiliteit, geur of kleur die met de kijkhoek verandert"
48786,Chameleon Beads,68,2471,Sense & Sensibility,"§4 de tekst benoemt zelf een uitgesproken zintuiglijke eigenschap als propositie — reliëf, textuur, lichtwerking, tactiliteit, geur of kleur die met de kijkhoek verandert"
58333,Chameleon collection,68,2471,Sense & Sensibility,"§4 de tekst benoemt zelf een uitgesproken zintuiglijke eigenschap als propositie — reliëf, textuur, lichtwerking, tactiliteit, geur of kleur die met de kijkhoek verandert"
128634,Changeable Reflective Textiles,68|73,73,Material Futures,"§4.4 geen welzijns- of natuurbelevingsclaim; patroonbesluit 19-08, bevestigd door de redactie 25-08"
120737,Chipps design OSB,917|68|2453,917|2453,Acoustic | Timber,"§4.4 geen welzijns- of natuurbelevingsclaim; patroonbesluit 19-08, bevestigd door de redactie 25-08"
2363,Chroma,68,NONE,geen,"§4.4 geen welzijns- of natuurbelevingsclaim; patroonbesluit 19-08, bevestigd door de redactie 25-08"
76534,Chromashine,68,NONE,geen,"§4.4 geen welzijns- of natuurbelevingsclaim; patroonbesluit 19-08, bevestigd door de redactie 25-08"
95881,Circular Modular carpets,68|916,916,Circular,"§4.4 geen welzijns- of natuurbelevingsclaim; patroonbesluit 19-08, bevestigd door de redactie 25-08"
103268,Claylime natural plasters,68,NONE,geen,"§4.4 geen welzijns- of natuurbelevingsclaim; patroonbesluit 19-08, bevestigd door de redactie 25-08"
2346,Cleaf,68,NONE,geen,"§4.4 geen welzijns- of natuurbelevingsclaim; patroonbesluit 19-08, bevestigd door de redactie 25-08"
74949,Clear TPU flock,68,NONE,geen,"§4.4 geen welzijns- of natuurbelevingsclaim; patroonbesluit 19-08, bevestigd door de redactie 25-08"
1692,Cloud Softlight,,2471,Sense & Sensibility,"§4 de tekst benoemt zelf een uitgesproken zintuiglijke eigenschap als propositie — reliëf, textuur, lichtwerking, tactiliteit, geur of kleur die met de kijkhoek verandert"
30217,Club,68,NONE,geen,"§4.4 geen welzijns- of natuurbelevingsclaim; patroonbesluit 19-08, bevestigd door de redactie 25-08"
2282,Coated Aluminium,68,NONE,geen,"§4.4 geen welzijns- of natuurbelevingsclaim; patroonbesluit 19-08, bevestigd door de redactie 25-08"
1793,Cocoon Mesh,68|916,916,Circular,"§4.4 geen welzijns- of natuurbelevingsclaim; patroonbesluit 19-08, bevestigd door de redactie 25-08"
60118,Collection AKOESTIEK,917|68,917,Acoustic,"§4.4 geen welzijns- of natuurbelevingsclaim; patroonbesluit 19-08, bevestigd door de redactie 25-08"
56130,ColorBlast solar panels,68|69,69,Smart & Responsive,"§4.4 geen welzijns- of natuurbelevingsclaim; patroonbesluit 19-08, bevestigd door de redactie 25-08"
26837,ColorCore® by Formica Group,68,NONE,geen,"§4.4 geen welzijns- of natuurbelevingsclaim; patroonbesluit 19-08, bevestigd door de redactie 25-08"
107330,ColorCore® Compact by Formica Group,68,NONE,geen,"§4.4 geen welzijns- of natuurbelevingsclaim; patroonbesluit 19-08, bevestigd door de redactie 25-08"
2741,Colored Rigidized Textures,68,NONE,geen,"§4.4 geen welzijns- of natuurbelevingsclaim; patroonbesluit 19-08, bevestigd door de redactie 25-08"
2714,Colour Anodized Titanium,68|2455|69,2455|69,Energy & Resilience | Smart & Responsive,"§4.4 geen welzijns- of natuurbelevingsclaim; patroonbesluit 19-08, bevestigd door de redactie 25-08"
59577,Colour Chips Glass,68,NONE,geen,"§4.4 geen welzijns- of natuurbelevingsclaim; patroonbesluit 19-08, bevestigd door de redactie 25-08"
2547,Colour Line,68,NONE,geen,"§4.4 geen welzijns- of natuurbelevingsclaim; patroonbesluit 19-08, bevestigd door de redactie 25-08"
34464,Colour Panels,68,2471,Sense & Sensibility,"§4 de tekst benoemt zelf een uitgesproken zintuiglijke eigenschap als propositie — reliëf, textuur, lichtwerking, tactiliteit, geur of kleur die met de kijkhoek verandert"
29406,CompacMel Plus,917|68,917,Acoustic,"§4.4 geen welzijns- of natuurbelevingsclaim; patroonbesluit 19-08, bevestigd door de redactie 25-08"
56645,Complite,68,NONE,geen,"§4.4 geen welzijns- of natuurbelevingsclaim; patroonbesluit 19-08, bevestigd door de redactie 25-08"
71246,Compose handwoven textile,917|68,917,Acoustic,"§4.4 geen welzijns- of natuurbelevingsclaim; patroonbesluit 19-08, bevestigd door de redactie 25-08"
42918,Composite stone,917|68,917,Acoustic,"§4.4 geen welzijns- of natuurbelevingsclaim; patroonbesluit 19-08, bevestigd door de redactie 25-08"
132053,Composite Stone – Façade cladding,68,NONE,geen,"§4.4 geen welzijns- of natuurbelevingsclaim; patroonbesluit 19-08, bevestigd door de redactie 25-08"
132044,"Composite Stone – Type X – Wall cover, Window sill and Band course",68,NONE,geen,"§4.4 geen welzijns- of natuurbelevingsclaim; patroonbesluit 19-08, bevestigd door de redactie 25-08"
132035,Composite Stone – Window or door surrounding,68,NONE,geen,"§4.4 geen welzijns- of natuurbelevingsclaim; patroonbesluit 19-08, bevestigd door de redactie 25-08"
132026,Composite Stone – Window sill (interior and exterior),68,NONE,geen,"§4.4 geen welzijns- of natuurbelevingsclaim; patroonbesluit 19-08, bevestigd door de redactie 25-08"
35353,CON-Cover,68|77,77,Lightweight,"§4.4 geen welzijns- of natuurbelevingsclaim; patroonbesluit 19-08, bevestigd door de redactie 25-08"
39157,Concrete skin,68,NONE,geen,"§4.4 geen welzijns- of natuurbelevingsclaim; patroonbesluit 19-08, bevestigd door de redactie 25-08"
46182,Concrete skin vintage,68,NONE,geen,"§4.4 geen welzijns- of natuurbelevingsclaim; patroonbesluit 19-08, bevestigd door de redactie 25-08"
18176,Concrete-Silicone,,2471,Sense & Sensibility,"§4 de tekst benoemt zelf een uitgesproken zintuiglijke eigenschap als propositie — reliëf, textuur, lichtwerking, tactiliteit, geur of kleur die met de kijkhoek verandert"
2459,Conductive tape,68|69,69,Smart & Responsive,"§4.4 geen welzijns- of natuurbelevingsclaim; patroonbesluit 19-08, bevestigd door de redactie 25-08"
62447,Conifer needles panels,917|79|68,917|79,Acoustic | Bio-based & Living Materials,"§4.4 geen welzijns- of natuurbelevingsclaim; patroonbesluit 19-08, bevestigd door de redactie 25-08"
1852,Contra-H,,2471,Sense & Sensibility,"§4 de tekst benoemt zelf een uitgesproken zintuiglijke eigenschap als propositie — reliëf, textuur, lichtwerking, tactiliteit, geur of kleur die met de kijkhoek verandert"
1948,Copper and Brass Wire Mesh,68|75,75,New Making,"§4.4 geen welzijns- of natuurbelevingsclaim; patroonbesluit 19-08, bevestigd door de redactie 25-08"
107069,Copper Slag Geopolymer,68|916,916,Circular,"§4.4 geen welzijns- of natuurbelevingsclaim; patroonbesluit 19-08, bevestigd door de redactie 25-08"
2554,Copper tiles collection,68,NONE,geen,"§4.4 geen welzijns- of natuurbelevingsclaim; patroonbesluit 19-08, bevestigd door de redactie 25-08"
79352,Corduroy,68,NONE,geen,"§4.4 geen welzijns- of natuurbelevingsclaim; patroonbesluit 19-08, bevestigd door de redactie 25-08"
72175,Corian Nuwood,68,NONE,geen,"§4.4 geen welzijns- of natuurbelevingsclaim; patroonbesluit 19-08, bevestigd door de redactie 25-08"
72167,Corian Onyx,68,2471,Sense & Sensibility,"§4 de tekst benoemt zelf een uitgesproken zintuiglijke eigenschap als propositie — reliëf, textuur, lichtwerking, tactiliteit, geur of kleur die met de kijkhoek verandert"
56623,Corium bonded leather,79|68,79,Bio-based & Living Materials,"§4.4 geen welzijns- of natuurbelevingsclaim; patroonbesluit 19-08, bevestigd door de redactie 25-08"
47724,Cork rugs,917|79|68,917|79,Acoustic | Bio-based & Living Materials,"§4.4 geen welzijns- of natuurbelevingsclaim; patroonbesluit 19-08, bevestigd door de redactie 25-08"
2374,Cork Textile & Surfaces,917|79|68,917|79,Acoustic | Bio-based & Living Materials,"§4.4 geen welzijns- of natuurbelevingsclaim; patroonbesluit 19-08, bevestigd door de redactie 25-08"
51370,Corkleaf & Corkskin,79|68,79,Bio-based & Living Materials,"§4.4 geen welzijns- of natuurbelevingsclaim; patroonbesluit 19-08, bevestigd door de redactie 25-08"
61825,Corktex,917|68|916,917|916|2511,Acoustic | Circular | Healthy & Non-Toxic,"antibacteriële en antischimmelbehandeling, Microban"
198,Corten Ceramic Tile,68,NONE,geen,"§4.4 geen welzijns- of natuurbelevingsclaim; patroonbesluit 19-08, bevestigd door de redactie 25-08"
2267,Cotton Plaster,917|68|2455,917|2455,Acoustic | Energy & Resilience,"§4.4 geen welzijns- of natuurbelevingsclaim; patroonbesluit 19-08, bevestigd door de redactie 25-08"
2592,Cottone Superbo Conchiglia,68,2471,Sense & Sensibility,"§4 de tekst benoemt zelf een uitgesproken zintuiglijke eigenschap als propositie — reliëf, textuur, lichtwerking, tactiliteit, geur of kleur die met de kijkhoek verandert"
2635,Cottone Superbo Imperatore,68,2471,Sense & Sensibility,"§4 de tekst benoemt zelf een uitgesproken zintuiglijke eigenschap als propositie — reliëf, textuur, lichtwerking, tactiliteit, geur of kleur die met de kijkhoek verandert"
1794,Crea-Lite,,2471,Sense & Sensibility,"§4 de tekst benoemt zelf een uitgesproken zintuiglijke eigenschap als propositie — reliëf, textuur, lichtwerking, tactiliteit, geur of kleur die met de kijkhoek verandert"
1347,Creative Copper,68,NONE,geen,"§4.4 geen welzijns- of natuurbelevingsclaim; patroonbesluit 19-08, bevestigd door de redactie 25-08"
104035,CRYLON®,68,NONE,geen,"§4.4 geen welzijns- of natuurbelevingsclaim; patroonbesluit 19-08, bevestigd door de redactie 25-08"
103995,CRYLUX®,68,NONE,geen,"§4.4 geen welzijns- of natuurbelevingsclaim; patroonbesluit 19-08, bevestigd door de redactie 25-08"
2496,Crystal Fabric,68|73,73,Material Futures,"§4.4 geen welzijns- of natuurbelevingsclaim; patroonbesluit 19-08, bevestigd door de redactie 25-08"
134426,"Crystals, Baby!",68,2471,Sense & Sensibility,"§4 de tekst benoemt zelf een uitgesproken zintuiglijke eigenschap als propositie — reliëf, textuur, lichtwerking, tactiliteit, geur of kleur die met de kijkhoek verandert"
268,Curious,,2471,Sense & Sensibility,"§4 de tekst benoemt zelf een uitgesproken zintuiglijke eigenschap als propositie — reliëf, textuur, lichtwerking, tactiliteit, geur of kleur die met de kijkhoek verandert"
134552,Custom ceramic tile,68,NONE,geen,"§4.4 geen welzijns- of natuurbelevingsclaim; patroonbesluit 19-08, bevestigd door de redactie 25-08"
250,Custom Shaped Stainless Steel,68|75,75,New Making,"§4.4 geen welzijns- of natuurbelevingsclaim; patroonbesluit 19-08, bevestigd door de redactie 25-08"
2301,Customised Wallpaper Collection,917|68,917,Acoustic,"§4.4 geen welzijns- of natuurbelevingsclaim; patroonbesluit 19-08, bevestigd door de redactie 25-08"
104514,CUSTOMIZE,68,NONE,geen,"§4.4 geen welzijns- of natuurbelevingsclaim; patroonbesluit 19-08, bevestigd door de redactie 25-08"
1608,d3o mesh,68,NONE,geen,"§4.4 geen welzijns- of natuurbelevingsclaim; patroonbesluit 19-08, bevestigd door de redactie 25-08"
46196,Daemwool natural wool insulation,79|68|916,79|916,Bio-based & Living Materials | Circular,"§4.4 geen welzijns- of natuurbelevingsclaim; patroonbesluit 19-08, bevestigd door de redactie 25-08"
135809,Dales,79|68,79,Bio-based & Living Materials,"§4.4 geen welzijns- of natuurbelevingsclaim; patroonbesluit 19-08, bevestigd door de redactie 25-08"
1348,Dalsouple,68,NONE,geen,"§4.4 geen welzijns- of natuurbelevingsclaim; patroonbesluit 19-08, bevestigd door de redactie 25-08"
2166,Damasco,,2471,Sense & Sensibility,"§4 de tekst benoemt zelf een uitgesproken zintuiglijke eigenschap als propositie — reliëf, textuur, lichtwerking, tactiliteit, geur of kleur die met de kijkhoek verandert"
25,Deco Wired Glass,,2471,Sense & Sensibility,"§4 de tekst benoemt zelf een uitgesproken zintuiglijke eigenschap als propositie — reliëf, textuur, lichtwerking, tactiliteit, geur of kleur die met de kijkhoek verandert"
91776,DecoLegno HPL Specials,68,NONE,geen,"§4.4 geen welzijns- of natuurbelevingsclaim; patroonbesluit 19-08, bevestigd door de redactie 25-08"
96120,DECOPROYEC SPRAY CORK,79|68,79,Bio-based & Living Materials,"§4.4 geen welzijns- of natuurbelevingsclaim; patroonbesluit 19-08, bevestigd door de redactie 25-08"
21385,Decorated Lava Stone,68,NONE,geen,"§4.4 geen welzijns- of natuurbelevingsclaim; patroonbesluit 19-08, bevestigd door de redactie 25-08"
1184,Decorated Metal Mesh,68,NONE,geen,"§4.4 geen welzijns- of natuurbelevingsclaim; patroonbesluit 19-08, bevestigd door de redactie 25-08"
1279,DecorFlou,,2471,Sense & Sensibility,"§4 de tekst benoemt zelf een uitgesproken zintuiglijke eigenschap als propositie — reliëf, textuur, lichtwerking, tactiliteit, geur of kleur die met de kijkhoek verandert"
30934,DEEP 3D Wallpaper,68|73,73,Material Futures,"§4.4 geen welzijns- of natuurbelevingsclaim; patroonbesluit 19-08, bevestigd door de redactie 25-08"
1709,Dega Art,917|68,917,Acoustic,"§4.4 geen welzijns- of natuurbelevingsclaim; patroonbesluit 19-08, bevestigd door de redactie 25-08"
330,Dekolux,,2471,Sense & Sensibility,"§4 de tekst benoemt zelf een uitgesproken zintuiglijke eigenschap als propositie — reliëf, textuur, lichtwerking, tactiliteit, geur of kleur die met de kijkhoek verandert"
584,Dekolux Fossil,,2471,Sense & Sensibility,"§4 de tekst benoemt zelf een uitgesproken zintuiglijke eigenschap als propositie — reliëf, textuur, lichtwerking, tactiliteit, geur of kleur die met de kijkhoek verandert"
329,Dekorial,68,NONE,geen,"§4.4 geen welzijns- of natuurbelevingsclaim; patroonbesluit 19-08, bevestigd door de redactie 25-08"
59552,Dekton Industrial recycled,68|916,916,Circular,"§4.4 geen welzijns- of natuurbelevingsclaim; patroonbesluit 19-08, bevestigd door de redactie 25-08"
72015,Demidekk Ultimate Helmatt,68,NONE,geen,"§4.4 geen welzijns- of natuurbelevingsclaim; patroonbesluit 19-08, bevestigd door de redactie 25-08"
2794,DendroLight Table Tops,68,NONE,geen,"§4.4 geen welzijns- of natuurbelevingsclaim; patroonbesluit 19-08, bevestigd door de redactie 25-08"
28660,Dermofresh FR,68|73,73|2511,Material Futures | Healthy & Non-Toxic,"non-toxic, Oeko-tex Standard 100 Class I, antibacteriële vezel"
79045,DESARDI Classic Non-Woven,79|68,79,Bio-based & Living Materials,"§4.4 geen welzijns- of natuurbelevingsclaim; patroonbesluit 19-08, bevestigd door de redactie 25-08"
40451,Design concrete,68|73|75,73|75,Material Futures | New Making,"§4.4 geen welzijns- of natuurbelevingsclaim; patroonbesluit 19-08, bevestigd door de redactie 25-08"
107515,Design induction hobs,68|80,80,Sustainable,"§4.4 geen welzijns- of natuurbelevingsclaim; patroonbesluit 19-08, bevestigd door de redactie 25-08"
1340,Diamond Polished Concrete,68|75,75,New Making,"§4.4 geen welzijns- of natuurbelevingsclaim; patroonbesluit 19-08, bevestigd door de redactie 25-08"
440,DIBOND®,68,NONE,geen,"§4.4 geen welzijns- of natuurbelevingsclaim; patroonbesluit 19-08, bevestigd door de redactie 25-08"
117,Dichrolam,68,2471,Sense & Sensibility,"§4 de tekst benoemt zelf een uitgesproken zintuiglijke eigenschap als propositie — reliëf, textuur, lichtwerking, tactiliteit, geur of kleur die met de kijkhoek verandert"
1310,DigitalPrint – Serie Metalli,68,NONE,geen,"§4.4 geen welzijns- of natuurbelevingsclaim; patroonbesluit 19-08, bevestigd door de redactie 25-08"
120633,Discarded Firehose,68|916,916,Circular,"§4.4 geen welzijns- of natuurbelevingsclaim; patroonbesluit 19-08, bevestigd door de redactie 25-08"
1807,Divine (Dischroic) Tiles,,2471,Sense & Sensibility,"§4 de tekst benoemt zelf een uitgesproken zintuiglijke eigenschap als propositie — reliëf, textuur, lichtwerking, tactiliteit, geur of kleur die met de kijkhoek verandert"
62701,Division & Growth glass tiles,68,NONE,geen,"§4.4 geen welzijns- of natuurbelevingsclaim; patroonbesluit 19-08, bevestigd door de redactie 25-08"
29316,Dofine stucco,68,NONE,geen,"§4.4 geen welzijns- of natuurbelevingsclaim; patroonbesluit 19-08, bevestigd door de redactie 25-08"
96314,DORSUM®,68,NONE,geen,"§4.4 geen welzijns- of natuurbelevingsclaim; patroonbesluit 19-08, bevestigd door de redactie 25-08"
2283,Double Face,68,NONE,geen,"§4.4 geen welzijns- of natuurbelevingsclaim; patroonbesluit 19-08, bevestigd door de redactie 25-08"
79630,Dream bonding technology,68,NONE,geen,"§4.4 geen welzijns- of natuurbelevingsclaim; patroonbesluit 19-08, bevestigd door de redactie 25-08"
28630,Dreamfield,,2471,Sense & Sensibility,"§4 de tekst benoemt zelf een uitgesproken zintuiglijke eigenschap als propositie — reliëf, textuur, lichtwerking, tactiliteit, geur of kleur die met de kijkhoek verandert"
1396,DreenDesign Collection,,2471,Sense & Sensibility,"§4 de tekst benoemt zelf een uitgesproken zintuiglijke eigenschap als propositie — reliëf, textuur, lichtwerking, tactiliteit, geur of kleur die met de kijkhoek verandert"
1479,Dripping,,2471,Sense & Sensibility,"§4 de tekst benoemt zelf een uitgesproken zintuiglijke eigenschap als propositie — reliëf, textuur, lichtwerking, tactiliteit, geur of kleur die met de kijkhoek verandert"
2261,Droplet,,2471,Sense & Sensibility,"§4 de tekst benoemt zelf een uitgesproken zintuiglijke eigenschap als propositie — reliëf, textuur, lichtwerking, tactiliteit, geur of kleur die met de kijkhoek verandert"
29958,Dukta Flexible Wood,917|68|75,917|75,Acoustic | New Making,"§4.4 geen welzijns- of natuurbelevingsclaim; patroonbesluit 19-08, bevestigd door de redactie 25-08"
2369,Duotone Coloured Glass,68,NONE,geen,"§4.4 geen welzijns- of natuurbelevingsclaim; patroonbesluit 19-08, bevestigd door de redactie 25-08"
22439,DURABELLA seamless terrazzo,68,NONE,geen,"§4.4 geen welzijns- of natuurbelevingsclaim; patroonbesluit 19-08, bevestigd door de redactie 25-08"
56807,Durabella x Aectual,68,NONE,geen,"§4.4 geen welzijns- of natuurbelevingsclaim; patroonbesluit 19-08, bevestigd door de redactie 25-08"
22438,Duramique mineral flooring,917|68,917,Acoustic,"§4.4 geen welzijns- of natuurbelevingsclaim; patroonbesluit 19-08, bevestigd door de redactie 25-08"
22649,Durapur,68,NONE,geen,"§4.4 geen welzijns- of natuurbelevingsclaim; patroonbesluit 19-08, bevestigd door de redactie 25-08"
120347,Durastone Flexible Polished Floors,68,NONE,geen,"§4.4 geen welzijns- of natuurbelevingsclaim; patroonbesluit 19-08, bevestigd door de redactie 25-08"
73205,Durat Palace,68|916,916,Circular,"§4.4 geen welzijns- of natuurbelevingsclaim; patroonbesluit 19-08, bevestigd door de redactie 25-08"
49584,Duro loam plaster,79|68,79,Bio-based & Living Materials,"§4.4 geen welzijns- of natuurbelevingsclaim; patroonbesluit 19-08, bevestigd door de redactie 25-08"
1599,Duropal HPL,68,NONE,geen,"§4.4 geen welzijns- of natuurbelevingsclaim; patroonbesluit 19-08, bevestigd door de redactie 25-08"
1801,Dutch Patine,,2471,Sense & Sensibility,"§4 de tekst benoemt zelf een uitgesproken zintuiglijke eigenschap als propositie — reliëf, textuur, lichtwerking, tactiliteit, geur of kleur die met de kijkhoek verandert"
74406,Dyed Polyester Fancy Hairy,68,NONE,geen,"§4.4 geen welzijns- of natuurbelevingsclaim; patroonbesluit 19-08, bevestigd door de redactie 25-08"
75174,Dyed Polyester Jacquard Structure,68,NONE,geen,"§4.4 geen welzijns- of natuurbelevingsclaim; patroonbesluit 19-08, bevestigd door de redactie 25-08"
75183,Dyed Polyester Sheer Lace,68,NONE,geen,"§4.4 geen welzijns- of natuurbelevingsclaim; patroonbesluit 19-08, bevestigd door de redactie 25-08"
2509,Déchirer,68,NONE,geen,"§4.4 geen welzijns- of natuurbelevingsclaim; patroonbesluit 19-08, bevestigd door de redactie 25-08"
99198,Ecolan® recycled solid surface,68|916,916,Circular,"§4.4 geen welzijns- of natuurbelevingsclaim; patroonbesluit 19-08, bevestigd door de redactie 25-08"
56607,ECOwall with recycled PET & polyester,917|68|916,917|916,Acoustic | Circular,"§4.4 geen welzijns- of natuurbelevingsclaim; patroonbesluit 19-08, bevestigd door de redactie 25-08"
56431,ECOwall with wool,917|79|68,917|79,Acoustic | Bio-based & Living Materials,"§4.4 geen welzijns- of natuurbelevingsclaim; patroonbesluit 19-08, bevestigd door de redactie 25-08"
93544,EEUWENHOUT,79|68|916,79|916,Bio-based & Living Materials | Circular,"§4.4 geen welzijns- of natuurbelevingsclaim; patroonbesluit 19-08, bevestigd door de redactie 25-08"
1472,Effect Glass,,2471,Sense & Sensibility,"§4 de tekst benoemt zelf een uitgesproken zintuiglijke eigenschap als propositie — reliëf, textuur, lichtwerking, tactiliteit, geur of kleur die met de kijkhoek verandert"
29997,EG Wall Panels,917|68,917,Acoustic,"§4.4 geen welzijns- of natuurbelevingsclaim; patroonbesluit 19-08, bevestigd door de redactie 25-08"
2468,Eggshell inlay,79|68,79,Bio-based & Living Materials,"§4.4 geen welzijns- of natuurbelevingsclaim; patroonbesluit 19-08, bevestigd door de redactie 25-08"
30753,Ekotex Hygiene,68,2511,Healthy & Non-Toxic,"antibacterieel en antischimmel, bevat geen schadelijke stoffen, KIWA-gecertificeerd"
31845,Ekotex Magnet Whiteboard,917|68,917,Acoustic,"§4.4 geen welzijns- of natuurbelevingsclaim; patroonbesluit 19-08, bevestigd door de redactie 25-08"
93355,EKOTEX Opposites,79|68,79,Bio-based & Living Materials,"§4.4 geen welzijns- of natuurbelevingsclaim; patroonbesluit 19-08, bevestigd door de redactie 25-08"
34193,Elastic Conductive Tape,68,NONE,geen,"§4.4 geen welzijns- of natuurbelevingsclaim; patroonbesluit 19-08, bevestigd door de redactie 25-08"
73089,Electroluminescent textiles,68|69,69,Smart & Responsive,"§4.4 geen welzijns- of natuurbelevingsclaim; patroonbesluit 19-08, bevestigd door de redactie 25-08"
339,Elements,,2471,Sense & Sensibility,"§4 de tekst benoemt zelf een uitgesproken zintuiglijke eigenschap als propositie — reliëf, textuur, lichtwerking, tactiliteit, geur of kleur die met de kijkhoek verandert"
29567,Elite Lava,68,2471,Sense & Sensibility,"§4 de tekst benoemt zelf een uitgesproken zintuiglijke eigenschap als propositie — reliëf, textuur, lichtwerking, tactiliteit, geur of kleur die met de kijkhoek verandert"
2511,Ellisse,,2471,Sense & Sensibility,"§4 de tekst benoemt zelf een uitgesproken zintuiglijke eigenschap als propositie — reliëf, textuur, lichtwerking, tactiliteit, geur of kleur die met de kijkhoek verandert"
32791,Embossed Leather,79|68,79,Bio-based & Living Materials,"§4.4 geen welzijns- of natuurbelevingsclaim; patroonbesluit 19-08, bevestigd door de redactie 25-08"
28805,Embossed Leather,79|68,79,Bio-based & Living Materials,"§4.4 geen welzijns- of natuurbelevingsclaim; patroonbesluit 19-08, bevestigd door de redactie 25-08"
2543,Embossed leather,79|68,79,Bio-based & Living Materials,"§4.4 geen welzijns- of natuurbelevingsclaim; patroonbesluit 19-08, bevestigd door de redactie 25-08"
58511,Embossed printed canvas,68|73,73,Material Futures,"§4.4 geen welzijns- of natuurbelevingsclaim; patroonbesluit 19-08, bevestigd door de redactie 25-08"
42025,Engobed brick,68,2471,Sense & Sensibility,"§4 de tekst benoemt zelf een uitgesproken zintuiglijke eigenschap als propositie — reliëf, textuur, lichtwerking, tactiliteit, geur of kleur die met de kijkhoek verandert"
42267,Equitone materia,68|73|69,73|69,Material Futures | Smart & Responsive,"§4.4 geen welzijns- of natuurbelevingsclaim; patroonbesluit 19-08, bevestigd door de redactie 25-08"
1415,Erlus Titan-silver,,2471,Sense & Sensibility,"§4 de tekst benoemt zelf een uitgesproken zintuiglijke eigenschap als propositie — reliëf, textuur, lichtwerking, tactiliteit, geur of kleur die met de kijkhoek verandert"
2764,Esia Natura Wood,68,NONE,geen,"§4.4 geen welzijns- of natuurbelevingsclaim; patroonbesluit 19-08, bevestigd door de redactie 25-08"
29747,ETFE Colour,917|68,917,Acoustic,"§4.4 geen welzijns- of natuurbelevingsclaim; patroonbesluit 19-08, bevestigd door de redactie 25-08"
48939,Ettlin Lux & Tec,68|69,69,Smart & Responsive,"§4.4 geen welzijns- of natuurbelevingsclaim; patroonbesluit 19-08, bevestigd door de redactie 25-08"
114464,Eucalyptus cloeziana timber,68,NONE,geen,"§4.4 geen welzijns- of natuurbelevingsclaim; patroonbesluit 19-08, bevestigd door de redactie 25-08"
316,Eurodekor,68,NONE,geen,"§4.4 geen welzijns- of natuurbelevingsclaim; patroonbesluit 19-08, bevestigd door de redactie 25-08"
74417,Ever Air Pass,68|69,69,Smart & Responsive,"§4.4 geen welzijns- of natuurbelevingsclaim; patroonbesluit 19-08, bevestigd door de redactie 25-08"
74218,Ever Light Rainwear,68|69,69,Smart & Responsive,"§4.4 geen welzijns- of natuurbelevingsclaim; patroonbesluit 19-08, bevestigd door de redactie 25-08"
113157,EXIE fibres,79|68,79,Bio-based & Living Materials,"§4.4 geen welzijns- of natuurbelevingsclaim; patroonbesluit 19-08, bevestigd door de redactie 25-08"
93479,Experience Wood in Faced Panels,68,NONE,geen,"§4.4 geen welzijns- of natuurbelevingsclaim; patroonbesluit 19-08, bevestigd door de redactie 25-08"
78040,Experimental Terrazzo,68|916,916,Circular,"§4.4 geen welzijns- of natuurbelevingsclaim; patroonbesluit 19-08, bevestigd door de redactie 25-08"
57221,Experimental textile design,68|73,73,Material Futures,"§4.4 geen welzijns- of natuurbelevingsclaim; patroonbesluit 19-08, bevestigd door de redactie 25-08"
1812,Explore Metals Jet,68|75,75,New Making,"§4.4 geen welzijns- of natuurbelevingsclaim; patroonbesluit 19-08, bevestigd door de redactie 25-08"
2054,Extrema,,2471,Sense & Sensibility,"§4 de tekst benoemt zelf een uitgesproken zintuiglijke eigenschap als propositie — reliëf, textuur, lichtwerking, tactiliteit, geur of kleur die met de kijkhoek verandert"
63665,Extruded aluminium panels,917|68|916,917|916,Acoustic | Circular,"§4.4 geen welzijns- of natuurbelevingsclaim; patroonbesluit 19-08, bevestigd door de redactie 25-08"
29512,Ezobord,917|68,917,Acoustic,"§4.4 geen welzijns- of natuurbelevingsclaim; patroonbesluit 19-08, bevestigd door de redactie 25-08"
2694,FABBACK Colored Acrylic Mirror,68,NONE,geen,"§4.4 geen welzijns- of natuurbelevingsclaim; patroonbesluit 19-08, bevestigd door de redactie 25-08"
106898,Fabulous Fungi dye,79|75,79|75|2601,Bio-based & Living Materials | New Making | Living Materials,"§4 textielverf uit schimmelpigmenten — nieuw channel Living Materials, afgesplitst van Bio-based"
119838,Fair trade handwoven rug,79|68|73,79|73,Bio-based & Living Materials | Material Futures,"§4.4 geen welzijns- of natuurbelevingsclaim; patroonbesluit 19-08, bevestigd door de redactie 25-08"
77598,Fake boa leather,68,NONE,geen,"§4.4 geen welzijns- of natuurbelevingsclaim; patroonbesluit 19-08, bevestigd door de redactie 25-08"
1867,Fame,,2471,Sense & Sensibility,"§4 de tekst benoemt zelf een uitgesproken zintuiglijke eigenschap als propositie — reliëf, textuur, lichtwerking, tactiliteit, geur of kleur die met de kijkhoek verandert"
30029,Far Out Lace,68|77|76,77|76,Lightweight | Translucency,"§4.4 geen welzijns- of natuurbelevingsclaim; patroonbesluit 19-08, bevestigd door de redactie 25-08"
27898,Fashionable Sheers,,2471,Sense & Sensibility,"§4 de tekst benoemt zelf een uitgesproken zintuiglijke eigenschap als propositie — reliëf, textuur, lichtwerking, tactiliteit, geur of kleur die met de kijkhoek verandert"
129653,Fassade,68,NONE,geen,"§4.4 geen welzijns- of natuurbelevingsclaim; patroonbesluit 19-08, bevestigd door de redactie 25-08"
77399,Faux fur,68,NONE,geen,"§4.4 geen welzijns- of natuurbelevingsclaim; patroonbesluit 19-08, bevestigd door de redactie 25-08"
68017,Feathered Fabrics,917|79|68,917|79,Acoustic | Bio-based & Living Materials,"§4.4 geen welzijns- of natuurbelevingsclaim; patroonbesluit 19-08, bevestigd door de redactie 25-08"
22704,Febrik Textiles,,2471,Sense & Sensibility,"§4 de tekst benoemt zelf een uitgesproken zintuiglijke eigenschap als propositie — reliëf, textuur, lichtwerking, tactiliteit, geur of kleur die met de kijkhoek verandert"
36055,FEKE,68,2471,Sense & Sensibility,"§4 de tekst benoemt zelf een uitgesproken zintuiglijke eigenschap als propositie — reliëf, textuur, lichtwerking, tactiliteit, geur of kleur die met de kijkhoek verandert"
45539,Felt,917|79|68,917|79,Acoustic | Bio-based & Living Materials,"§4.4 geen welzijns- of natuurbelevingsclaim; patroonbesluit 19-08, bevestigd door de redactie 25-08"
8,Felt textiles,79|68,79,Bio-based & Living Materials,"§4.4 geen welzijns- of natuurbelevingsclaim; patroonbesluit 19-08, bevestigd door de redactie 25-08"
69883,FENIX NTA,68,NONE,geen,"§4.4 geen welzijns- of natuurbelevingsclaim; patroonbesluit 19-08, bevestigd door de redactie 25-08"
26811,Fenix NTM (Nano Tech Matt),68,NONE,geen,"§4.4 geen welzijns- of natuurbelevingsclaim; patroonbesluit 19-08, bevestigd door de redactie 25-08"
93372,FENIX NTM BLOOM,79|68,79,Bio-based & Living Materials,"§4.4 geen welzijns- of natuurbelevingsclaim; patroonbesluit 19-08, bevestigd door de redactie 25-08"
87055,FENIX NTM BLOOM & ARPA HPL BLOOM,79|68|2454,79|2454,Bio-based & Living Materials | Net Zero & Carbon,"§4.4 geen welzijns- of natuurbelevingsclaim; patroonbesluit 19-08, bevestigd door de redactie 25-08"
2352,Ferricon,,2471,Sense & Sensibility,"§4 de tekst benoemt zelf een uitgesproken zintuiglijke eigenschap als propositie — reliëf, textuur, lichtwerking, tactiliteit, geur of kleur die met de kijkhoek verandert"
56822,FFEXX liquid flooring,917|68|75,917|75,Acoustic | New Making,"§4.4 geen welzijns- of natuurbelevingsclaim; patroonbesluit 19-08, bevestigd door de redactie 25-08"
77,Fiberstone,,2471,Sense & Sensibility,"§4 de tekst benoemt zelf een uitgesproken zintuiglijke eigenschap als propositie — reliëf, textuur, lichtwerking, tactiliteit, geur of kleur die met de kijkhoek verandert"
97171,Fibracolour TEX,68,2471,Sense & Sensibility,"§4 de tekst benoemt zelf een uitgesproken zintuiglijke eigenschap als propositie — reliëf, textuur, lichtwerking, tactiliteit, geur of kleur die met de kijkhoek verandert"
119494,Fibralux biobased,79|68,79,Bio-based & Living Materials,"§4.4 geen welzijns- of natuurbelevingsclaim; patroonbesluit 19-08, bevestigd door de redactie 25-08"
97180,Fibranatur TEX,68,2471,Sense & Sensibility,"§4 de tekst benoemt zelf een uitgesproken zintuiglijke eigenschap als propositie — reliëf, textuur, lichtwerking, tactiliteit, geur of kleur die met de kijkhoek verandert"
2125,Field,,2601,Living Materials,"§4 gedroogd gras dat zonder aarde is gegroeid — nieuw channel Living Materials, afgesplitst van Bio-based"
50961,Finett Dimension,68|73|75,73|75,Material Futures | New Making,"§4.4 geen welzijns- of natuurbelevingsclaim; patroonbesluit 19-08, bevestigd door de redactie 25-08"
121095,Finti,79|68,79,Bio-based & Living Materials,"§4.4 geen welzijns- of natuurbelevingsclaim; patroonbesluit 19-08, bevestigd door de redactie 25-08"
48337,Flax wallpaper,79|68,79,Bio-based & Living Materials,"§4.4 geen welzijns- of natuurbelevingsclaim; patroonbesluit 19-08, bevestigd door de redactie 25-08"
1432,Flexglass Decor,68,NONE,geen,"§4.4 geen welzijns- of natuurbelevingsclaim; patroonbesluit 19-08, bevestigd door de redactie 25-08"
51473,Flexwood,79|68|77,79|77,Bio-based & Living Materials | Lightweight,"§4.4 geen welzijns- of natuurbelevingsclaim; patroonbesluit 19-08, bevestigd door de redactie 25-08"
51238,Flexzorb activated carbon cloth,68|77,77,Lightweight,"§4.4 geen welzijns- of natuurbelevingsclaim; patroonbesluit 19-08, bevestigd door de redactie 25-08"
121031,Floating Nature collage,68,68|2601,Biophilic & Human-Centred | Living Materials,"§4 wild plantmateriaal gelamineerd tussen glas — nieuw channel Living Materials, afgesplitst van Bio-based"
79138,Flocus kapok fleece,79|68,79,Bio-based & Living Materials,"§4.4 geen welzijns- of natuurbelevingsclaim; patroonbesluit 19-08, bevestigd door de redactie 25-08"
27548,Flotex Vision,917|79|68,917|79,Acoustic | Bio-based & Living Materials,"§4.4 geen welzijns- of natuurbelevingsclaim; patroonbesluit 19-08, bevestigd door de redactie 25-08"
2401,Fluxus,,2471,Sense & Sensibility,"§4 de tekst benoemt zelf een uitgesproken zintuiglijke eigenschap als propositie — reliëf, textuur, lichtwerking, tactiliteit, geur of kleur die met de kijkhoek verandert"
582,foam Andrea Valentini,,2471,Sense & Sensibility,"§4 de tekst benoemt zelf een uitgesproken zintuiglijke eigenschap als propositie — reliëf, textuur, lichtwerking, tactiliteit, geur of kleur die met de kijkhoek verandert"
104045,FOAMALITE®,68,NONE,geen,"§4.4 geen welzijns- of natuurbelevingsclaim; patroonbesluit 19-08, bevestigd door de redactie 25-08"
32640,Foglizzo Folds,79|68,79,Bio-based & Living Materials,"§4.4 geen welzijns- of natuurbelevingsclaim; patroonbesluit 19-08, bevestigd door de redactie 25-08"
1339,Foin Metallic Mesh,68,2471,Sense & Sensibility,"§4 de tekst benoemt zelf een uitgesproken zintuiglijke eigenschap als propositie — reliëf, textuur, lichtwerking, tactiliteit, geur of kleur die met de kijkhoek verandert"
127171,For the sea,68|916,916|2456,Circular | Regenerative,zeewierbinders die bijdragen aan herstel van het mariene ecosysteem
51424,Force wallpaper,79|68,79,Bio-based & Living Materials,"§4.4 geen welzijns- of natuurbelevingsclaim; patroonbesluit 19-08, bevestigd door de redactie 25-08"
104040,FOREX®,917|68,917,Acoustic,"§4.4 geen welzijns- of natuurbelevingsclaim; patroonbesluit 19-08, bevestigd door de redactie 25-08"
107327,Formica® Color Laminates,68,NONE,geen,"§4.4 geen welzijns- of natuurbelevingsclaim; patroonbesluit 19-08, bevestigd door de redactie 25-08"
56680,Formica® Doors Collection,68,NONE,geen,"§4.4 geen welzijns- of natuurbelevingsclaim; patroonbesluit 19-08, bevestigd door de redactie 25-08"
30123,Formica® Patterns & Truescale Laminates,68,NONE,geen,"§4.4 geen welzijns- of natuurbelevingsclaim; patroonbesluit 19-08, bevestigd door de redactie 25-08"
30062,Formica® Plus Color,68,NONE,geen,"§4.4 geen welzijns- of natuurbelevingsclaim; patroonbesluit 19-08, bevestigd door de redactie 25-08"
107333,Formica® Washroom Collection,68,NONE,geen,"§4.4 geen welzijns- of natuurbelevingsclaim; patroonbesluit 19-08, bevestigd door de redactie 25-08"
40798,Formica® Woods Laminates,68,NONE,geen,"§4.4 geen welzijns- of natuurbelevingsclaim; patroonbesluit 19-08, bevestigd door de redactie 25-08"
56087,ForzGlaze,68|80,80,Sustainable,"§4.4 geen welzijns- of natuurbelevingsclaim; patroonbesluit 19-08, bevestigd door de redactie 25-08"
260,Fractalis Effect Paints,68,NONE,geen,"§4.4 geen welzijns- of natuurbelevingsclaim; patroonbesluit 19-08, bevestigd door de redactie 25-08"
1825,Freek Outdoor Carpet,68,NONE,geen,"§4.4 geen welzijns- of natuurbelevingsclaim; patroonbesluit 19-08, bevestigd door de redactie 25-08"
50466,Freestile Venice,68,NONE,geen,"§4.4 geen welzijns- of natuurbelevingsclaim; patroonbesluit 19-08, bevestigd door de redactie 25-08"
82300,Fringe fabric,917|68,917,Acoustic,"§4.4 geen welzijns- of natuurbelevingsclaim; patroonbesluit 19-08, bevestigd door de redactie 25-08"
110940,From Stone to Glass,68|69,69,Smart & Responsive,"§4.4 geen welzijns- of natuurbelevingsclaim; patroonbesluit 19-08, bevestigd door de redactie 25-08"
63521,Fruit & veggie paper,79|68|916,79|916,Bio-based & Living Materials | Circular,"§4.4 geen welzijns- of natuurbelevingsclaim; patroonbesluit 19-08, bevestigd door de redactie 25-08"
2055,Fruits,,2471,Sense & Sensibility,"§4 de tekst benoemt zelf een uitgesproken zintuiglijke eigenschap als propositie — reliëf, textuur, lichtwerking, tactiliteit, geur of kleur die met de kijkhoek verandert"
1929,Fucina,,2471,Sense & Sensibility,"§4 de tekst benoemt zelf een uitgesproken zintuiglijke eigenschap als propositie — reliëf, textuur, lichtwerking, tactiliteit, geur of kleur die met de kijkhoek verandert"
135528,Fungal Mycelium Foams & Films,79,79|2601,Bio-based & Living Materials | Living Materials,"§4 schuim en film uit 100% mycelium — nieuw channel Living Materials, afgesplitst van Bio-based"
65291,FUR concrete wall tile,68,NONE,geen,"§4.4 geen welzijns- of natuurbelevingsclaim; patroonbesluit 19-08, bevestigd door de redactie 25-08"
78341,Galaxy,68,2471,Sense & Sensibility,"§4 de tekst benoemt zelf een uitgesproken zintuiglijke eigenschap als propositie — reliëf, textuur, lichtwerking, tactiliteit, geur of kleur die met de kijkhoek verandert"
87242,Gama Duo Collection 2020-2022,68,NONE,geen,"§4.4 geen welzijns- of natuurbelevingsclaim; patroonbesluit 19-08, bevestigd door de redactie 25-08"
39773,Gama Duo Nude Texture,68,NONE,geen,"§4.4 geen welzijns- of natuurbelevingsclaim; patroonbesluit 19-08, bevestigd door de redactie 25-08"
90715,Geo Slate,68|916,916,Circular,"§4.4 geen welzijns- of natuurbelevingsclaim; patroonbesluit 19-08, bevestigd door de redactie 25-08"
26198,Geodesia,,2471,Sense & Sensibility,"§4 de tekst benoemt zelf een uitgesproken zintuiglijke eigenschap als propositie — reliëf, textuur, lichtwerking, tactiliteit, geur of kleur die met de kijkhoek verandert"
1311,Geofil-Bubbles,68|916,916,Circular,"§4.4 geen welzijns- of natuurbelevingsclaim; patroonbesluit 19-08, bevestigd door de redactie 25-08"
2638,Geology,68,NONE,geen,"§4.4 geen welzijns- of natuurbelevingsclaim; patroonbesluit 19-08, bevestigd door de redactie 25-08"
129789,GeoStylistix Stone Strips,68|916,916,Circular,"§4.4 geen welzijns- of natuurbelevingsclaim; patroonbesluit 19-08, bevestigd door de redactie 25-08"
21353,GetaCore solid surface,68,2471,Sense & Sensibility,"§4 de tekst benoemt zelf een uitgesproken zintuiglijke eigenschap als propositie — reliëf, textuur, lichtwerking, tactiliteit, geur of kleur die met de kijkhoek verandert"
2548,Glamorous leather,79|68,79,Bio-based & Living Materials,"§4.4 geen welzijns- of natuurbelevingsclaim; patroonbesluit 19-08, bevestigd door de redactie 25-08"
2622,Glamour,68,NONE,geen,"§4.4 geen welzijns- of natuurbelevingsclaim; patroonbesluit 19-08, bevestigd door de redactie 25-08"
291,Glamé,,2471,Sense & Sensibility,"§4 de tekst benoemt zelf een uitgesproken zintuiglijke eigenschap als propositie — reliëf, textuur, lichtwerking, tactiliteit, geur of kleur die met de kijkhoek verandert"
2303,Glare,68,NONE,geen,"§4.4 geen welzijns- of natuurbelevingsclaim; patroonbesluit 19-08, bevestigd door de redactie 25-08"
77100,Glasio acoustic glass,917|68,917,Acoustic,"§4.4 geen welzijns- of natuurbelevingsclaim; patroonbesluit 19-08, bevestigd door de redactie 25-08"
1530,Glass brick by Poesia,68|75,75,New Making,"§4.4 geen welzijns- of natuurbelevingsclaim; patroonbesluit 19-08, bevestigd door de redactie 25-08"
2197,Glass Colors,68|69,69,Smart & Responsive,"§4.4 geen welzijns- of natuurbelevingsclaim; patroonbesluit 19-08, bevestigd door de redactie 25-08"
52710,Glass full colour,917|68,917,Acoustic,"§4.4 geen welzijns- of natuurbelevingsclaim; patroonbesluit 19-08, bevestigd door de redactie 25-08"
48356,Glass mosaic,68,NONE,geen,"§4.4 geen welzijns- of natuurbelevingsclaim; patroonbesluit 19-08, bevestigd door de redactie 25-08"
1771,Glass with Shells,,2471,Sense & Sensibility,"§4 de tekst benoemt zelf een uitgesproken zintuiglijke eigenschap als propositie — reliëf, textuur, lichtwerking, tactiliteit, geur of kleur die met de kijkhoek verandert"
23116,Glazed Ceramic Iridescent,,2471,Sense & Sensibility,"§4 de tekst benoemt zelf een uitgesproken zintuiglijke eigenschap als propositie — reliëf, textuur, lichtwerking, tactiliteit, geur of kleur die met de kijkhoek verandert"
23699,Glazed Ceramics in Various Blue,,2471,Sense & Sensibility,"§4 de tekst benoemt zelf een uitgesproken zintuiglijke eigenschap als propositie — reliëf, textuur, lichtwerking, tactiliteit, geur of kleur die met de kijkhoek verandert"
2602,Glitter,,2471,Sense & Sensibility,"§4 de tekst benoemt zelf een uitgesproken zintuiglijke eigenschap als propositie — reliëf, textuur, lichtwerking, tactiliteit, geur of kleur die met de kijkhoek verandert"
77562,Glossop & Girmo fabric,68,NONE,geen,"§4.4 geen welzijns- of natuurbelevingsclaim; patroonbesluit 19-08, bevestigd door de redactie 25-08"
35540,Glow In the Dark,68|69,69,Smart & Responsive,"§4.4 geen welzijns- of natuurbelevingsclaim; patroonbesluit 19-08, bevestigd door de redactie 25-08"
30851,Gluetex Biovate Wallcovering,917|79|68,917|79,Acoustic | Bio-based & Living Materials,"§4.4 geen welzijns- of natuurbelevingsclaim; patroonbesluit 19-08, bevestigd door de redactie 25-08"
1754,Gold Mosaic,68,NONE,geen,"§4.4 geen welzijns- of natuurbelevingsclaim; patroonbesluit 19-08, bevestigd door de redactie 25-08"
555,Golden Tile,68,NONE,geen,"§4.4 geen welzijns- of natuurbelevingsclaim; patroonbesluit 19-08, bevestigd door de redactie 25-08"
77554,Gounda fabric,68,NONE,geen,"§4.4 geen welzijns- of natuurbelevingsclaim; patroonbesluit 19-08, bevestigd door de redactie 25-08"
32035,Gradient,68|73,73,Material Futures,"§4.4 geen welzijns- of natuurbelevingsclaim; patroonbesluit 19-08, bevestigd door de redactie 25-08"
17465,Grandezza Antique brass,68,NONE,geen,"§4.4 geen welzijns- of natuurbelevingsclaim; patroonbesluit 19-08, bevestigd door de redactie 25-08"
130295,Grandezza Seamless Metal-Effect Coating,68,NONE,geen,"§4.4 geen welzijns- of natuurbelevingsclaim; patroonbesluit 19-08, bevestigd door de redactie 25-08"
57394,Granite Deep Mat,,2471,Sense & Sensibility,"§4 de tekst benoemt zelf een uitgesproken zintuiglijke eigenschap als propositie — reliëf, textuur, lichtwerking, tactiliteit, geur of kleur die met de kijkhoek verandert"
57386,Granite Quartz,68,2471,Sense & Sensibility,"§4 de tekst benoemt zelf een uitgesproken zintuiglijke eigenschap als propositie — reliëf, textuur, lichtwerking, tactiliteit, geur of kleur die met de kijkhoek verandert"
52877,Granite Silky Shine,68,2471,Sense & Sensibility,"§4 de tekst benoemt zelf een uitgesproken zintuiglijke eigenschap als propositie — reliëf, textuur, lichtwerking, tactiliteit, geur of kleur die met de kijkhoek verandert"
1341,Graphic Concrete,68|73,73,Material Futures,"§4.4 geen welzijns- of natuurbelevingsclaim; patroonbesluit 19-08, bevestigd door de redactie 25-08"
23923,Graphic Relief,68,2471,Sense & Sensibility,"§4 de tekst benoemt zelf een uitgesproken zintuiglijke eigenschap als propositie — reliëf, textuur, lichtwerking, tactiliteit, geur of kleur die met de kijkhoek verandert"
24131,Graphic Relief – Photographic Detail,68,2471,Sense & Sensibility,"§4 de tekst benoemt zelf een uitgesproken zintuiglijke eigenschap als propositie — reliëf, textuur, lichtwerking, tactiliteit, geur of kleur die met de kijkhoek verandert"
2784,Graphical Facade Coating,68,NONE,geen,"§4.4 geen welzijns- of natuurbelevingsclaim; patroonbesluit 19-08, bevestigd door de redactie 25-08"
2293,Grass & Leaves,,2471,Sense & Sensibility,"§4 de tekst benoemt zelf een uitgesproken zintuiglijke eigenschap als propositie — reliëf, textuur, lichtwerking, tactiliteit, geur of kleur die met de kijkhoek verandert"
134033,GreenEdge,79,79|2456,Bio-based & Living Materials | Regenerative,bermhooi uit natuurinclusief bermbeheer
28784,Greenpanel Negro,68,NONE,geen,"§4.4 geen welzijns- of natuurbelevingsclaim; patroonbesluit 19-08, bevestigd door de redactie 25-08"
55190,Grey MDF – Fibracolour Gris,917|68,917|2511,Acoustic | Healthy & Non-Toxic,niet-toxische pigmenten en lage formaldehydeconcentratie (E1)
1889,H13/013,68,NONE,geen,"§4.4 geen welzijns- of natuurbelevingsclaim; patroonbesluit 19-08, bevestigd door de redactie 25-08"
27683,Haava & Uni,68,NONE,geen,"§4.4 geen welzijns- of natuurbelevingsclaim; patroonbesluit 19-08, bevestigd door de redactie 25-08"
2377,Habitus Cork Mosaic,79|68,79,Bio-based & Living Materials,"§4.4 geen welzijns- of natuurbelevingsclaim; patroonbesluit 19-08, bevestigd door de redactie 25-08"
113613,HAND CRAFTED LIME PLASTER,68,NONE,geen,"§4.4 geen welzijns- of natuurbelevingsclaim; patroonbesluit 19-08, bevestigd door de redactie 25-08"
45871,Hand loomed leather & silk,79|68,79,Bio-based & Living Materials,"§4.4 geen welzijns- of natuurbelevingsclaim; patroonbesluit 19-08, bevestigd door de redactie 25-08"
2219,Hand woven Fabric,917|68,917,Acoustic,"§4.4 geen welzijns- of natuurbelevingsclaim; patroonbesluit 19-08, bevestigd door de redactie 25-08"
61097,Healthcare & transportation fabrics,68|69,69,Smart & Responsive,"§4.4 geen welzijns- of natuurbelevingsclaim; patroonbesluit 19-08, bevestigd door de redactie 25-08"
39130,HeartFelt,917|68,917,Acoustic,"§4.4 geen welzijns- of natuurbelevingsclaim; patroonbesluit 19-08, bevestigd door de redactie 25-08"
1342,Helicone HC,68,NONE,geen,"§4.4 geen welzijns- of natuurbelevingsclaim; patroonbesluit 19-08, bevestigd door de redactie 25-08"
134962,Hempcrete façade element,79,79|2456,Bio-based & Living Materials | Regenerative,hennepkalk gevelelement dat stedelijke biodiversiteit ondersteunt
2321,Hi-MACS,68,NONE,geen,"§4.4 geen welzijns- of natuurbelevingsclaim; patroonbesluit 19-08, bevestigd door de redactie 25-08"
19684,HI-MACS Nederland,68,NONE,geen,"§4.4 geen welzijns- of natuurbelevingsclaim; patroonbesluit 19-08, bevestigd door de redactie 25-08"
24870,High Gloss Poured Surfaces,68,NONE,geen,"§4.4 geen welzijns- of natuurbelevingsclaim; patroonbesluit 19-08, bevestigd door de redactie 25-08"
1291,High-Tech Stone,68|69,69,Smart & Responsive,"§4.4 geen welzijns- of natuurbelevingsclaim; patroonbesluit 19-08, bevestigd door de redactie 25-08"
104050,HIPEX®,917|68|916,917|916,Acoustic | Circular,"§4.4 geen welzijns- of natuurbelevingsclaim; patroonbesluit 19-08, bevestigd door de redactie 25-08"
66546,Holz in Form relief panel,68,2471,Sense & Sensibility,"§4 de tekst benoemt zelf een uitgesproken zintuiglijke eigenschap als propositie — reliëf, textuur, lichtwerking, tactiliteit, geur of kleur die met de kijkhoek verandert"
52703,HPL and HPL veneer full colour,917|68,917,Acoustic,"§4.4 geen welzijns- of natuurbelevingsclaim; patroonbesluit 19-08, bevestigd door de redactie 25-08"
42,Hugging Clayrolls,,2471,Sense & Sensibility,"§4 de tekst benoemt zelf een uitgesproken zintuiglijke eigenschap als propositie — reliëf, textuur, lichtwerking, tactiliteit, geur of kleur die met de kijkhoek verandert"
103825,Huguet recycled terrazzo,68|916,916,Circular,"§4.4 geen welzijns- of natuurbelevingsclaim; patroonbesluit 19-08, bevestigd door de redactie 25-08"
95867,Hybrid collection,917|68,917,Acoustic,"§4.4 geen welzijns- of natuurbelevingsclaim; patroonbesluit 19-08, bevestigd door de redactie 25-08"
22207,Hyperrealistic concrete,68|73,73,Material Futures,"§4.4 geen welzijns- of natuurbelevingsclaim; patroonbesluit 19-08, bevestigd door de redactie 25-08"
62578,Hévé textile,79|68,79,Bio-based & Living Materials,"§4.4 geen welzijns- of natuurbelevingsclaim; patroonbesluit 19-08, bevestigd door de redactie 25-08"
2551,I Glassati,,2471,Sense & Sensibility,"§4 de tekst benoemt zelf een uitgesproken zintuiglijke eigenschap als propositie — reliëf, textuur, lichtwerking, tactiliteit, geur of kleur die met de kijkhoek verandert"
41365,I-Mesh,68|2455,2455,Energy & Resilience,"§4.4 geen welzijns- of natuurbelevingsclaim; patroonbesluit 19-08, bevestigd door de redactie 25-08"
36048,IDUN,68,NONE,geen,"§4.4 geen welzijns- of natuurbelevingsclaim; patroonbesluit 19-08, bevestigd door de redactie 25-08"
63407,Ignorance is Bliss ceramic tiles,68|916,916,Circular,"§4.4 geen welzijns- of natuurbelevingsclaim; patroonbesluit 19-08, bevestigd door de redactie 25-08"
33715,Illumination Panels,917|68|69,917|69,Acoustic | Smart & Responsive,"§4.4 geen welzijns- of natuurbelevingsclaim; patroonbesluit 19-08, bevestigd door de redactie 25-08"
129707,IMAR Singular Metal Solutions,68,NONE,geen,"§4.4 geen welzijns- of natuurbelevingsclaim; patroonbesluit 19-08, bevestigd door de redactie 25-08"
28116,Imi-beton (concrete),68|77,77,Lightweight,"§4.4 geen welzijns- of natuurbelevingsclaim; patroonbesluit 19-08, bevestigd door de redactie 25-08"
128108,Immersion,68,NONE,geen,"§4.4 geen welzijns- of natuurbelevingsclaim; patroonbesluit 19-08, bevestigd door de redactie 25-08"
128109,Imperfection,68,NONE,geen,"§4.4 geen welzijns- of natuurbelevingsclaim; patroonbesluit 19-08, bevestigd door de redactie 25-08"
104055,IMPEX®,68,NONE,geen,"§4.4 geen welzijns- of natuurbelevingsclaim; patroonbesluit 19-08, bevestigd door de redactie 25-08"
1802,In-fusion embossed,68,2471,Sense & Sensibility,"§4 de tekst benoemt zelf een uitgesproken zintuiglijke eigenschap als propositie — reliëf, textuur, lichtwerking, tactiliteit, geur of kleur die met de kijkhoek verandert"
1686,Inax Lascaux,,2471,Sense & Sensibility,"§4 de tekst benoemt zelf een uitgesproken zintuiglijke eigenschap als propositie — reliëf, textuur, lichtwerking, tactiliteit, geur of kleur die met de kijkhoek verandert"
1796,Inax Luster color,68,NONE,geen,"§4.4 geen welzijns- of natuurbelevingsclaim; patroonbesluit 19-08, bevestigd door de redactie 25-08"
32863,Indigo leather,79|68|75,79|75,Bio-based & Living Materials | New Making,"§4.4 geen welzijns- of natuurbelevingsclaim; patroonbesluit 19-08, bevestigd door de redactie 25-08"
56356,Inflatable wood,79|68,79,Bio-based & Living Materials,"§4.4 geen welzijns- of natuurbelevingsclaim; patroonbesluit 19-08, bevestigd door de redactie 25-08"
99404,Inorganic Polymer Concrete,68,NONE,geen,"§4.4 geen welzijns- of natuurbelevingsclaim; patroonbesluit 19-08, bevestigd door de redactie 25-08"
1593,Inox spectral coloured,68,2471,Sense & Sensibility,"§4 de tekst benoemt zelf een uitgesproken zintuiglijke eigenschap als propositie — reliëf, textuur, lichtwerking, tactiliteit, geur of kleur die met de kijkhoek verandert"
77630,Intaglio embossed lampshade material,68,2471,Sense & Sensibility,"§4 de tekst benoemt zelf een uitgesproken zintuiglijke eigenschap als propositie — reliëf, textuur, lichtwerking, tactiliteit, geur of kleur die met de kijkhoek verandert"
50128,Interactive Sensory Design Applicate 0.5,68|69,69,Smart & Responsive,"§4.4 geen welzijns- of natuurbelevingsclaim; patroonbesluit 19-08, bevestigd door de redactie 25-08"
50156,Interactive Sensory Design Applicate 1,68,2471,Sense & Sensibility,"§4 de tekst benoemt zelf een uitgesproken zintuiglijke eigenschap als propositie — reliëf, textuur, lichtwerking, tactiliteit, geur of kleur die met de kijkhoek verandert"
56434,Interwoven,79|73|75,79|73|2601,Bio-based & Living Materials | Material Futures | Living Materials,"§4 wortelstelsels van gras die tot weefsel groeien — nieuw channel Living Materials, afgesplitst van Bio-based | §1.2 maximaal drie channels: New Making laten vallen, het specifiekste channel wint"
2709,InvariMatte Walnut,917|68,917,Acoustic,"§4.4 geen welzijns- of natuurbelevingsclaim; patroonbesluit 19-08, bevestigd door de redactie 25-08"
2018,IR Relief,917|68|75,917|75,Acoustic | New Making,"§4.4 geen welzijns- of natuurbelevingsclaim; patroonbesluit 19-08, bevestigd door de redactie 25-08"
25344,Isoflam,68,NONE,geen,"§4.4 geen welzijns- of natuurbelevingsclaim; patroonbesluit 19-08, bevestigd door de redactie 25-08"
30100,Isolgomma,68|75,75,New Making,"§4.4 geen welzijns- of natuurbelevingsclaim; patroonbesluit 19-08, bevestigd door de redactie 25-08"
27864,Iznik Full Colour Tiles,68,NONE,geen,"§4.4 geen welzijns- of natuurbelevingsclaim; patroonbesluit 19-08, bevestigd door de redactie 25-08"
27789,Iznik Print,68|75|69,75|69,New Making | Smart & Responsive,"§4.4 geen welzijns- of natuurbelevingsclaim; patroonbesluit 19-08, bevestigd door de redactie 25-08"
64673,Jacquard Denim,68,NONE,geen,"§4.4 geen welzijns- of natuurbelevingsclaim; patroonbesluit 19-08, bevestigd door de redactie 25-08"
77040,Jacquard Lancé-Découpé,68,2471,Sense & Sensibility,"§4 de tekst benoemt zelf een uitgesproken zintuiglijke eigenschap als propositie — reliëf, textuur, lichtwerking, tactiliteit, geur of kleur die met de kijkhoek verandert"
71431,Jacquard mesh,68,NONE,geen,"§4.4 geen welzijns- of natuurbelevingsclaim; patroonbesluit 19-08, bevestigd door de redactie 25-08"
76925,Jacquard with Metal/Lurex,68,NONE,geen,"§4.4 geen welzijns- of natuurbelevingsclaim; patroonbesluit 19-08, bevestigd door de redactie 25-08"
28969,Japanel,,2471,Sense & Sensibility,"§4 de tekst benoemt zelf een uitgesproken zintuiglijke eigenschap als propositie — reliëf, textuur, lichtwerking, tactiliteit, geur of kleur die met de kijkhoek verandert"
1242,JB Glass Edition,68,NONE,geen,"§4.4 geen welzijns- of natuurbelevingsclaim; patroonbesluit 19-08, bevestigd door de redactie 25-08"
77145,Jersey riga fuxia + lurex,68,NONE,geen,"§4.4 geen welzijns- of natuurbelevingsclaim; patroonbesluit 19-08, bevestigd door de redactie 25-08"
57472,Jesmonite composite,68,2511,Healthy & Non-Toxic,"oplosmiddelvrij, geen VOC's, lage rookdichtheid en toxiciteit"
129904,JEWEL BRICK – Knit brick,68,2471,Sense & Sensibility,"§4 de tekst benoemt zelf een uitgesproken zintuiglijke eigenschap als propositie — reliëf, textuur, lichtwerking, tactiliteit, geur of kleur die met de kijkhoek verandert"
129887,JEWEL BRICK – Storm,68,2471,Sense & Sensibility,"§4 de tekst benoemt zelf een uitgesproken zintuiglijke eigenschap als propositie — reliëf, textuur, lichtwerking, tactiliteit, geur of kleur die met de kijkhoek verandert"
72756,Jotun powder coating,68,NONE,geen,"§4.4 geen welzijns- of natuurbelevingsclaim; patroonbesluit 19-08, bevestigd door de redactie 25-08"
1330,Juicyglass,68,NONE,geen,"§4.4 geen welzijns- of natuurbelevingsclaim; patroonbesluit 19-08, bevestigd door de redactie 25-08"
29569,Jungle,79|68|80,79|80,Bio-based & Living Materials | Sustainable,"§4.4 geen welzijns- of natuurbelevingsclaim; patroonbesluit 19-08, bevestigd door de redactie 25-08"
47490,Jute Wall tiles,917|68,917,Acoustic,"§4.4 geen welzijns- of natuurbelevingsclaim; patroonbesluit 19-08, bevestigd door de redactie 25-08"
1744,Kappa,68,NONE,geen,"§4.4 geen welzijns- of natuurbelevingsclaim; patroonbesluit 19-08, bevestigd door de redactie 25-08"
120765,Kaumera,75,75|2601,New Making | Living Materials,"§4 biopolymeer teruggewonnen uit bacteriële biomassa — nieuw channel Living Materials, afgesplitst van Bio-based"
2280,Kauri,,2471,Sense & Sensibility,"§4 de tekst benoemt zelf een uitgesproken zintuiglijke eigenschap als propositie — reliëf, textuur, lichtwerking, tactiliteit, geur of kleur die met de kijkhoek verandert"
24542,Kaynemaile architectural Mesh,68|77|80,77|80|2471,Lightweight | Sustainable | Sense & Sensibility,"§4 de tekst benoemt zelf een uitgesproken zintuiglijke eigenschap als propositie — reliëf, textuur, lichtwerking, tactiliteit, geur of kleur die met de kijkhoek verandert"
18797,Kedroplast,,2471,Sense & Sensibility,"§4 de tekst benoemt zelf een uitgesproken zintuiglijke eigenschap als propositie — reliëf, textuur, lichtwerking, tactiliteit, geur of kleur die met de kijkhoek verandert"
79643,Kenetix Spacer,68,NONE,geen,"§4.4 geen welzijns- of natuurbelevingsclaim; patroonbesluit 19-08, bevestigd door de redactie 25-08"
1649,Kerrigan Architectural Tile,68,2471,Sense & Sensibility,"§4 de tekst benoemt zelf een uitgesproken zintuiglijke eigenschap als propositie — reliëf, textuur, lichtwerking, tactiliteit, geur of kleur die met de kijkhoek verandert"
34607,Ki-ori Tennâge,79|68|80,79|80,Bio-based & Living Materials | Sustainable,"§4.4 geen welzijns- of natuurbelevingsclaim; patroonbesluit 19-08, bevestigd door de redactie 25-08"
21576,Kova Textiles,,2471,Sense & Sensibility,"§4 de tekst benoemt zelf een uitgesproken zintuiglijke eigenschap als propositie — reliëf, textuur, lichtwerking, tactiliteit, geur of kleur die met de kijkhoek verandert"
32865,Kromatafor,79|68|75|69,79|75|69,Bio-based & Living Materials | New Making | Smart & Responsive,"§4.4 geen welzijns- of natuurbelevingsclaim; patroonbesluit 19-08, bevestigd door de redactie 25-08"
56457,Kumiko,79|68,79,Bio-based & Living Materials,"§4.4 geen welzijns- of natuurbelevingsclaim; patroonbesluit 19-08, bevestigd door de redactie 25-08"
27501,KUMPU,68,NONE,geen,"§4.4 geen welzijns- of natuurbelevingsclaim; patroonbesluit 19-08, bevestigd door de redactie 25-08"
120478,Kunrader® stone,68,NONE,geen,"§4.4 geen welzijns- of natuurbelevingsclaim; patroonbesluit 19-08, bevestigd door de redactie 25-08"
78739,Kynol Fibres and Textiles,68|69,69,Smart & Responsive,"§4.4 geen welzijns- of natuurbelevingsclaim; patroonbesluit 19-08, bevestigd door de redactie 25-08"
190,L-SIM,,2471,Sense & Sensibility,"§4 de tekst benoemt zelf een uitgesproken zintuiglijke eigenschap als propositie — reliëf, textuur, lichtwerking, tactiliteit, geur of kleur die met de kijkhoek verandert"
52162,Lace & Latex,68|77,77|2471,Lightweight | Sense & Sensibility,"§4 de tekst benoemt zelf een uitgesproken zintuiglijke eigenschap als propositie — reliëf, textuur, lichtwerking, tactiliteit, geur of kleur die met de kijkhoek verandert"
82963,Lace 3D print on tulle,68|916,916,Circular,"§4.4 geen welzijns- of natuurbelevingsclaim; patroonbesluit 19-08, bevestigd door de redactie 25-08"
2639,Lacquered Strié,68,2471,Sense & Sensibility,"§4 de tekst benoemt zelf een uitgesproken zintuiglijke eigenschap als propositie — reliëf, textuur, lichtwerking, tactiliteit, geur of kleur die met de kijkhoek verandert"
44121,Lama color,79|68,79,Bio-based & Living Materials,"§4.4 geen welzijns- of natuurbelevingsclaim; patroonbesluit 19-08, bevestigd door de redactie 25-08"
1847,Laminate Edition 1,68,NONE,geen,"§4.4 geen welzijns- of natuurbelevingsclaim; patroonbesluit 19-08, bevestigd door de redactie 25-08"
66676,"Lana Lumière, Fil & Ruban",79|68,79,Bio-based & Living Materials,"§4.4 geen welzijns- of natuurbelevingsclaim; patroonbesluit 19-08, bevestigd door de redactie 25-08"
79388,Lateral lighting fibre elements,68|69,69,Smart & Responsive,"§4.4 geen welzijns- of natuurbelevingsclaim; patroonbesluit 19-08, bevestigd door de redactie 25-08"
30332,Latho Relief Panels,79|68,79,Bio-based & Living Materials,"§4.4 geen welzijns- of natuurbelevingsclaim; patroonbesluit 19-08, bevestigd door de redactie 25-08"
1822,Lattice Structures,68|75,75,New Making,"§4.4 geen welzijns- of natuurbelevingsclaim; patroonbesluit 19-08, bevestigd door de redactie 25-08"
133955,Leafy panels,79|68,68|2601|2456,Biophilic & Human-Centred | Living Materials | Regenerative,"gevelpaneel met levende beplanting als stedelijk habitat | §1.2 maximaal drie channels: Bio-based & Living Materials laten vallen, het specifiekste channel wint"
1288,Leather Floor Tile,79|68,79,Bio-based & Living Materials,"§4.4 geen welzijns- of natuurbelevingsclaim; patroonbesluit 19-08, bevestigd door de redactie 25-08"
33933,Leather Tiles,79|68,79,Bio-based & Living Materials,"§4.4 geen welzijns- of natuurbelevingsclaim; patroonbesluit 19-08, bevestigd door de redactie 25-08"
1289,Leather Wall Tile,917|79|68,917|79,Acoustic | Bio-based & Living Materials,"§4.4 geen welzijns- of natuurbelevingsclaim; patroonbesluit 19-08, bevestigd door de redactie 25-08"
32493,Leatherweaves,79|68,79,Bio-based & Living Materials,"§4.4 geen welzijns- of natuurbelevingsclaim; patroonbesluit 19-08, bevestigd door de redactie 25-08"
54209,LED Gallon,68|69,69,Smart & Responsive,"§4.4 geen welzijns- of natuurbelevingsclaim; patroonbesluit 19-08, bevestigd door de redactie 25-08"
18194,LED Light Sheet,917|68|69,917|69,Acoustic | Smart & Responsive,"§4.4 geen welzijns- of natuurbelevingsclaim; patroonbesluit 19-08, bevestigd door de redactie 25-08"
631,Legno-Legno,79|68,79,Bio-based & Living Materials,"§4.4 geen welzijns- of natuurbelevingsclaim; patroonbesluit 19-08, bevestigd door de redactie 25-08"
31,Lenstile,68,2471,Sense & Sensibility,"§4 de tekst benoemt zelf een uitgesproken zintuiglijke eigenschap als propositie — reliëf, textuur, lichtwerking, tactiliteit, geur of kleur die met de kijkhoek verandert"
55919,Lenticular sheets,68,2471,Sense & Sensibility,"§4 de tekst benoemt zelf een uitgesproken zintuiglijke eigenschap als propositie — reliëf, textuur, lichtwerking, tactiliteit, geur of kleur die met de kijkhoek verandert"
39372,Light diffusers collection,68,NONE,geen,"§4.4 geen welzijns- of natuurbelevingsclaim; patroonbesluit 19-08, bevestigd door de redactie 25-08"
2504,Light montage,,2471,Sense & Sensibility,"§4 de tekst benoemt zelf een uitgesproken zintuiglijke eigenschap als propositie — reliëf, textuur, lichtwerking, tactiliteit, geur of kleur die met de kijkhoek verandert"
46062,Light paper,79|68,79,Bio-based & Living Materials,"§4.4 geen welzijns- of natuurbelevingsclaim; patroonbesluit 19-08, bevestigd door de redactie 25-08"
93418,Lightweight Concrete,917|68,917,Acoustic,"§4.4 geen welzijns- of natuurbelevingsclaim; patroonbesluit 19-08, bevestigd door de redactie 25-08"
51863,Lightweight natural stone,68|73,73,Material Futures,"§4.4 geen welzijns- of natuurbelevingsclaim; patroonbesluit 19-08, bevestigd door de redactie 25-08"
118853,Lignacore Premium,68,NONE,geen,"§4.4 geen welzijns- of natuurbelevingsclaim; patroonbesluit 19-08, bevestigd door de redactie 25-08"
134405,Lime Putty Mortars and Paints,68,NONE,geen,"§4.4 geen welzijns- of natuurbelevingsclaim; patroonbesluit 19-08, bevestigd door de redactie 25-08"
30403,Liquifloor,68,NONE,geen,"§4.4 geen welzijns- of natuurbelevingsclaim; patroonbesluit 19-08, bevestigd door de redactie 25-08"
82078,Living Colour,79,79|2601,Bio-based & Living Materials | Living Materials,"§4 kleurstof uit pigmentproducerende bacteriën — nieuw channel Living Materials, afgesplitst van Bio-based"
1871,Living Colours,79|68,79,Bio-based & Living Materials,"§4.4 geen welzijns- of natuurbelevingsclaim; patroonbesluit 19-08, bevestigd door de redactie 25-08"
76362,Living Pavement tiles,68|109,109|2601|2456,Leisure & Hospitality | Living Materials | Regenerative,"bestrating die spontane plantengroei en biodiversiteit toelaat | §1.2 maximaal drie channels: Biophilic & Human-Centred laten vallen, het specifiekste channel wint"
47446,Loam construction panel,917|68,917,Acoustic,"§4.4 geen welzijns- of natuurbelevingsclaim; patroonbesluit 19-08, bevestigd door de redactie 25-08"
134683,Local linen,79|68,79|2456,Bio-based & Living Materials | Regenerative,lokaal vlas met bodemgezondheid en natuurinclusieve landbouw als uitgangspunt
62742,LockTiles,917|68,917,Acoustic,"§4.4 geen welzijns- of natuurbelevingsclaim; patroonbesluit 19-08, bevestigd door de redactie 25-08"
2067,Luccon Veneer,68,NONE,geen,"§4.4 geen welzijns- of natuurbelevingsclaim; patroonbesluit 19-08, bevestigd door de redactie 25-08"
514,Lumicast,,2471,Sense & Sensibility,"§4 de tekst benoemt zelf een uitgesproken zintuiglijke eigenschap als propositie — reliëf, textuur, lichtwerking, tactiliteit, geur of kleur die met de kijkhoek verandert"
1315,Lumicor,,2471,Sense & Sensibility,"§4 de tekst benoemt zelf een uitgesproken zintuiglijke eigenschap als propositie — reliëf, textuur, lichtwerking, tactiliteit, geur of kleur die met de kijkhoek verandert"
1455,LuminOre on Glass,68,NONE,geen,"§4.4 geen welzijns- of natuurbelevingsclaim; patroonbesluit 19-08, bevestigd door de redactie 25-08"
1376,LuminOre on Tiles,68,NONE,geen,"§4.4 geen welzijns- of natuurbelevingsclaim; patroonbesluit 19-08, bevestigd door de redactie 25-08"
1466,Luminous Concrete,68|75,75,New Making,"§4.4 geen welzijns- of natuurbelevingsclaim; patroonbesluit 19-08, bevestigd door de redactie 25-08"
29888,Luminous Patterns,68|73,73,Material Futures,"§4.4 geen welzijns- of natuurbelevingsclaim; patroonbesluit 19-08, bevestigd door de redactie 25-08"
46697,Lumiscopic,68,2471,Sense & Sensibility,"§4 de tekst benoemt zelf een uitgesproken zintuiglijke eigenschap als propositie — reliëf, textuur, lichtwerking, tactiliteit, geur of kleur die met de kijkhoek verandert"
110450,Luna® trout leather,79|68,79,Bio-based & Living Materials,"§4.4 geen welzijns- of natuurbelevingsclaim; patroonbesluit 19-08, bevestigd door de redactie 25-08"
31480,Lustre,68,NONE,geen,"§4.4 geen welzijns- of natuurbelevingsclaim; patroonbesluit 19-08, bevestigd door de redactie 25-08"
38618,Luxalon Multi-panel BXD Ceiling,917|68,917,Acoustic,"§4.4 geen welzijns- of natuurbelevingsclaim; patroonbesluit 19-08, bevestigd door de redactie 25-08"
39174,Luxurious Lycra,68,NONE,geen,"§4.4 geen welzijns- of natuurbelevingsclaim; patroonbesluit 19-08, bevestigd door de redactie 25-08"
28754,Luxury Fabric,68|69,69,Smart & Responsive,"§4.4 geen welzijns- of natuurbelevingsclaim; patroonbesluit 19-08, bevestigd door de redactie 25-08"
1478,Luxury Vinyl,68,NONE,geen,"§4.4 geen welzijns- of natuurbelevingsclaim; patroonbesluit 19-08, bevestigd door de redactie 25-08"
2456,Luxury walls,,2471,Sense & Sensibility,"§4 de tekst benoemt zelf een uitgesproken zintuiglijke eigenschap als propositie — reliëf, textuur, lichtwerking, tactiliteit, geur of kleur die met de kijkhoek verandert"
1742,M&M,68,NONE,geen,"§4.4 geen welzijns- of natuurbelevingsclaim; patroonbesluit 19-08, bevestigd door de redactie 25-08"
1471,Mactan tiles,79|68,79,Bio-based & Living Materials,"§4.4 geen welzijns- of natuurbelevingsclaim; patroonbesluit 19-08, bevestigd door de redactie 25-08"
2160,MADOCA,,2471,Sense & Sensibility,"§4 de tekst benoemt zelf een uitgesproken zintuiglijke eigenschap als propositie — reliëf, textuur, lichtwerking, tactiliteit, geur of kleur die met de kijkhoek verandert"
1590,Mafi Fresco,,2471,Sense & Sensibility,"§4 de tekst benoemt zelf een uitgesproken zintuiglijke eigenschap als propositie — reliëf, textuur, lichtwerking, tactiliteit, geur of kleur die met de kijkhoek verandert"
27195,Magma,79|68,79,Bio-based & Living Materials,"§4.4 geen welzijns- of natuurbelevingsclaim; patroonbesluit 19-08, bevestigd door de redactie 25-08"
45676,Magna Glaskeramik,68,NONE,geen,"§4.4 geen welzijns- of natuurbelevingsclaim; patroonbesluit 19-08, bevestigd door de redactie 25-08"
42162,Makustik,79|68,79,Bio-based & Living Materials,"§4.4 geen welzijns- of natuurbelevingsclaim; patroonbesluit 19-08, bevestigd door de redactie 25-08"
82973,Malabar,68,NONE,geen,"§4.4 geen welzijns- of natuurbelevingsclaim; patroonbesluit 19-08, bevestigd door de redactie 25-08"
55079,Malai biocomposite,79|916,79|916|2601,Bio-based & Living Materials | Circular | Living Materials,"§4 bacteriecellulose gekweekt op kokosafval — nieuw channel Living Materials, afgesplitst van Bio-based"
27588,Marble,68,NONE,geen,"§4.4 geen welzijns- of natuurbelevingsclaim; patroonbesluit 19-08, bevestigd door de redactie 25-08"
31765,Marbré,79|68,79,Bio-based & Living Materials,"§4.4 geen welzijns- of natuurbelevingsclaim; patroonbesluit 19-08, bevestigd door de redactie 25-08"
54938,Marmoreal,68,NONE,geen,"§4.4 geen welzijns- of natuurbelevingsclaim; patroonbesluit 19-08, bevestigd door de redactie 25-08"
57010,Marwoolus,68,NONE,geen,"§4.4 geen welzijns- of natuurbelevingsclaim; patroonbesluit 19-08, bevestigd door de redactie 25-08"
2620,Matt Lacquer,68,NONE,geen,"§4.4 geen welzijns- of natuurbelevingsclaim; patroonbesluit 19-08, bevestigd door de redactie 25-08"
1823,MD Expanded Metal façade cladding,68,NONE,geen,"§4.4 geen welzijns- of natuurbelevingsclaim; patroonbesluit 19-08, bevestigd door de redactie 25-08"
1515,Melatone polycarbonate,68,2471,Sense & Sensibility,"§4 de tekst benoemt zelf een uitgesproken zintuiglijke eigenschap als propositie — reliëf, textuur, lichtwerking, tactiliteit, geur of kleur die met de kijkhoek verandert"
590,Melatone woven wood,68,NONE,geen,"§4.4 geen welzijns- of natuurbelevingsclaim; patroonbesluit 19-08, bevestigd door de redactie 25-08"
234,Merck Effect Pigments,68,2471,Sense & Sensibility,"§4 de tekst benoemt zelf een uitgesproken zintuiglijke eigenschap als propositie — reliëf, textuur, lichtwerking, tactiliteit, geur of kleur die met de kijkhoek verandert"
700,Metal Laminate,68,NONE,geen,"§4.4 geen welzijns- of natuurbelevingsclaim; patroonbesluit 19-08, bevestigd door de redactie 25-08"
1803,Metal Mesh systems,68,NONE,geen,"§4.4 geen welzijns- of natuurbelevingsclaim; patroonbesluit 19-08, bevestigd door de redactie 25-08"
36733,Metal structural surfaces,68,2471,Sense & Sensibility,"§4 de tekst benoemt zelf een uitgesproken zintuiglijke eigenschap als propositie — reliëf, textuur, lichtwerking, tactiliteit, geur of kleur die met de kijkhoek verandert"
233,MetalCast,68,NONE,geen,"§4.4 geen welzijns- of natuurbelevingsclaim; patroonbesluit 19-08, bevestigd door de redactie 25-08"
27439,Metawell,68,NONE,geen,"§4.4 geen welzijns- of natuurbelevingsclaim; patroonbesluit 19-08, bevestigd door de redactie 25-08"
1723,Metile,68,NONE,geen,"§4.4 geen welzijns- of natuurbelevingsclaim; patroonbesluit 19-08, bevestigd door de redactie 25-08"
42483,mFLOR LVT design floors Authentic,917|68,917,Acoustic,"§4.4 geen welzijns- of natuurbelevingsclaim; patroonbesluit 19-08, bevestigd door de redactie 25-08"
29948,Micro Perforated Veneer,917|68|69,917|69,Acoustic | Smart & Responsive,"§4.4 geen welzijns- of natuurbelevingsclaim; patroonbesluit 19-08, bevestigd door de redactie 25-08"
93446,Micro-Perforation panels,917|68,917,Acoustic,"§4.4 geen welzijns- of natuurbelevingsclaim; patroonbesluit 19-08, bevestigd door de redactie 25-08"
36472,MicroLouvre,917|68|69,917|69,Acoustic | Smart & Responsive,"§4.4 geen welzijns- of natuurbelevingsclaim; patroonbesluit 19-08, bevestigd door de redactie 25-08"
111500,Millboard Envello Facade Cladding,68,NONE,geen,"§4.4 geen welzijns- of natuurbelevingsclaim; patroonbesluit 19-08, bevestigd door de redactie 25-08"
129708,Mineral System Honeycomb panel,68,NONE,geen,"§4.4 geen welzijns- of natuurbelevingsclaim; patroonbesluit 19-08, bevestigd door de redactie 25-08"
49351,Mirabilia Wallcovering,68,2471,Sense & Sensibility,"§4 de tekst benoemt zelf een uitgesproken zintuiglijke eigenschap als propositie — reliëf, textuur, lichtwerking, tactiliteit, geur of kleur die met de kijkhoek verandert"
1661,Mirox 3G,68|80|76,80|76|2511,Sustainable | Translucency | Healthy & Non-Toxic,"geen koper, geen formaldehyde, ROHS — oordeel redactie 13-08"
2707,Mirror & Metal Glazes,68|916,916,Circular,"§4.4 geen welzijns- of natuurbelevingsclaim; patroonbesluit 19-08, bevestigd door de redactie 25-08"
1732,ModCraft,,2471,Sense & Sensibility,"§4 de tekst benoemt zelf een uitgesproken zintuiglijke eigenschap als propositie — reliëf, textuur, lichtwerking, tactiliteit, geur of kleur die met de kijkhoek verandert"
95727,Modular Dimension,79|68,79,Bio-based & Living Materials,"§4.4 geen welzijns- of natuurbelevingsclaim; patroonbesluit 19-08, bevestigd door de redactie 25-08"
110006,Mogu PLUMA,917|79,917|79|2601,Acoustic | Bio-based & Living Materials | Living Materials,"§4 mycelium-wandpaneel — nieuw channel Living Materials, afgesplitst van Bio-based"
83568,Mohair collections,79|68|109,79|109,Bio-based & Living Materials | Leisure & Hospitality,"§4.4 geen welzijns- of natuurbelevingsclaim; patroonbesluit 19-08, bevestigd door de redactie 25-08"
2550,Mojave leather,79|68,79,Bio-based & Living Materials,"§4.4 geen welzijns- of natuurbelevingsclaim; patroonbesluit 19-08, bevestigd door de redactie 25-08"
24420,Molly,79|68|75,79|75,Bio-based & Living Materials | New Making,"§4.4 geen welzijns- of natuurbelevingsclaim; patroonbesluit 19-08, bevestigd door de redactie 25-08"
2757,Moonless Night,,2471,Sense & Sensibility,"§4 de tekst benoemt zelf een uitgesproken zintuiglijke eigenschap als propositie — reliëf, textuur, lichtwerking, tactiliteit, geur of kleur die met de kijkhoek verandert"
128595,MORTEX® microcement,68,NONE,geen,"§4.4 geen welzijns- of natuurbelevingsclaim; patroonbesluit 19-08, bevestigd door de redactie 25-08"
1761,Mosaic Moon,68,NONE,geen,"§4.4 geen welzijns- of natuurbelevingsclaim; patroonbesluit 19-08, bevestigd door de redactie 25-08"
1444,Mosaic Panels,917|68,917,Acoustic,"§4.4 geen welzijns- of natuurbelevingsclaim; patroonbesluit 19-08, bevestigd door de redactie 25-08"
32197,Mosaico,68,NONE,geen,"§4.4 geen welzijns- of natuurbelevingsclaim; patroonbesluit 19-08, bevestigd door de redactie 25-08"
1860,Mosaik Böden,,2471,Sense & Sensibility,"§4 de tekst benoemt zelf een uitgesproken zintuiglijke eigenschap als propositie — reliëf, textuur, lichtwerking, tactiliteit, geur of kleur die met de kijkhoek verandert"
120331,Moss concrete,68|916,68|2601|2456,Biophilic & Human-Centred | Living Materials | Regenerative,"beton dat mosgroei draagt als stadsvergroening | §1.2 maximaal drie channels: Circular laten vallen, het specifiekste channel wint"
46273,Mother of pearl mosaic tiles,79|68,79,Bio-based & Living Materials,"§4.4 geen welzijns- of natuurbelevingsclaim; patroonbesluit 19-08, bevestigd door de redactie 25-08"
2790,Mother of Pearl Mosaics,79|68,79,Bio-based & Living Materials,"§4.4 geen welzijns- of natuurbelevingsclaim; patroonbesluit 19-08, bevestigd door de redactie 25-08"
2076,Mulberry Paper,68|916,916,Circular,"§4.4 geen welzijns- of natuurbelevingsclaim; patroonbesluit 19-08, bevestigd door de redactie 25-08"
107243,Multiple Reading Glazes – complexity,68,2471,Sense & Sensibility,"§4 de tekst benoemt zelf een uitgesproken zintuiglijke eigenschap als propositie — reliëf, textuur, lichtwerking, tactiliteit, geur of kleur die met de kijkhoek verandert"
133963,Mush Art Tiles,79,79|2601,Bio-based & Living Materials | Living Materials,"§4 mycelium groeit tot lichte maar samenhangende vormen — nieuw channel Living Materials, afgesplitst van Bio-based"
27533,Mushroom Materials,79,79|2601,Bio-based & Living Materials | Living Materials,"§4 mycelium verteert landbouwafval tot materiaal — nieuw channel Living Materials, afgesplitst van Bio-based"
128084,Mushroom Textile,79,79|2601,Bio-based & Living Materials | Living Materials,"§4 textiel gekweekt uit paddenstoelmycelium — nieuw channel Living Materials, afgesplitst van Bio-based"
19806,Muskin,79,79|2601,Bio-based & Living Materials | Living Materials,"§4 paddenstoelhuid uit schimmelsporen die tot een dichte structuur groeien — nieuw channel Living Materials, afgesplitst van Bio-based"
107162,Mycelium (root structure of fungi),79|916,79|916|2601,Bio-based & Living Materials | Circular | Living Materials,"§4 mycelium; ruim 300 stammen in onderzoek — nieuw channel Living Materials, afgesplitst van Bio-based"
133058,Mycelium Acoustic Panels,917|79,917|79|2601,Acoustic | Bio-based & Living Materials | Living Materials,"§4 mycelium groeit door landbouw- en textielafval tot een composiet — nieuw channel Living Materials, afgesplitst van Bio-based"
134508,Mycelium Composite Panel,79|916,79|916|2601,Bio-based & Living Materials | Circular | Living Materials,"§4 mycelium gekweekt op reststroom uit champignonteelt — nieuw channel Living Materials, afgesplitst van Bio-based"
77587,Mycelium design,79|916,79|916|2601,Bio-based & Living Materials | Circular | Living Materials,"§4 mycelium als natuurlijke lijm op landbouwafval — nieuw channel Living Materials, afgesplitst van Bio-based"
131857,Mycelium Foam,79,79|2601,Bio-based & Living Materials | Living Materials,"§4 100% mycelium, gekweekt op strovezel — nieuw channel Living Materials, afgesplitst van Bio-based"
27928,Myco Board,79,79|2601,Bio-based & Living Materials | Living Materials,"§4 gegroeid in plaats van gelijmd — nieuw channel Living Materials, afgesplitst van Bio-based"
134490,MYCO colorsystem,79|916,79|916|2601,Bio-based & Living Materials | Circular | Living Materials,"§4 pigmentsysteem uit schimmelcultuur — nieuw channel Living Materials, afgesplitst van Bio-based"
128548,MycoLutions Acoustic Panels,917|79,917|79|2601,Acoustic | Bio-based & Living Materials | Living Materials,"§4 mycelium met landbouwbijproducten — nieuw channel Living Materials, afgesplitst van Bio-based"
109242,MykoFoam,79,79|2601,Bio-based & Living Materials | Living Materials,"§4 mycelium met isolatie- en absorptiewaarde — nieuw channel Living Materials, afgesplitst van Bio-based"
128098,MYLEA,79,79|2601,Bio-based & Living Materials | Living Materials,"§4 leerachtig materiaal gekweekt uit paddenstoelmycelium — nieuw channel Living Materials, afgesplitst van Bio-based"
20204,MYX,79|916,79|916|2601,Bio-based & Living Materials | Circular | Living Materials,"§4 mycelium groeit plantvezel samen tot levend textiel — nieuw channel Living Materials, afgesplitst van Bio-based"
2134,Móz Decorative Metals,,2471,Sense & Sensibility,"§4 de tekst benoemt zelf een uitgesproken zintuiglijke eigenschap als propositie — reliëf, textuur, lichtwerking, tactiliteit, geur of kleur die met de kijkhoek verandert"
71420,NanoStitch Extreme & Air,68|69,69,Smart & Responsive,"§4.4 geen welzijns- of natuurbelevingsclaim; patroonbesluit 19-08, bevestigd door de redactie 25-08"
2536,Natural Freshwater Pearls,,2471,Sense & Sensibility,"§4 de tekst benoemt zelf een uitgesproken zintuiglijke eigenschap als propositie — reliëf, textuur, lichtwerking, tactiliteit, geur of kleur die met de kijkhoek verandert"
93566,Natural stone and concrete textures,68,2471,Sense & Sensibility,"§4 de tekst benoemt zelf een uitgesproken zintuiglijke eigenschap als propositie — reliëf, textuur, lichtwerking, tactiliteit, geur of kleur die met de kijkhoek verandert"
1344,Natural Stone Composites,68,NONE,geen,"§4.4 geen welzijns- of natuurbelevingsclaim; patroonbesluit 19-08, bevestigd door de redactie 25-08"
63859,Natural textile dye,79|68|916,79|916,Bio-based & Living Materials | Circular,"§4.4 geen welzijns- of natuurbelevingsclaim; patroonbesluit 19-08, bevestigd door de redactie 25-08"
30140,Natural Wallcovering,79|68,79,Bio-based & Living Materials,"§4.4 geen welzijns- of natuurbelevingsclaim; patroonbesluit 19-08, bevestigd door de redactie 25-08"
75703,Naturally Clean,68,NONE,geen,"§4.4 geen welzijns- of natuurbelevingsclaim; patroonbesluit 19-08, bevestigd door de redactie 25-08"
135115,Natureplast,68,2511,Healthy & Non-Toxic,"vrij van synthetische bindmiddelen en cement, VOC-vrije afwerking"
126571,Naturing,79,79|2601,Bio-based & Living Materials | Living Materials,"§4 tarwegras dat in mallen groeit — nieuw channel Living Materials, afgesplitst van Bio-based"
129591,NedZink NUANCE Brown,68,NONE,geen,"§4.4 geen welzijns- of natuurbelevingsclaim; patroonbesluit 19-08, bevestigd door de redactie 25-08"
34187,New Conductive Tape,68,NONE,geen,"§4.4 geen welzijns- of natuurbelevingsclaim; patroonbesluit 19-08, bevestigd door de redactie 25-08"
109074,New ICONICA Collection,68,NONE,geen,"§4.4 geen welzijns- of natuurbelevingsclaim; patroonbesluit 19-08, bevestigd door de redactie 25-08"
37718,New marble,68|916,916,Circular,"§4.4 geen welzijns- of natuurbelevingsclaim; patroonbesluit 19-08, bevestigd door de redactie 25-08"
2779,NewspaperWood,917|68,917,Acoustic,"§4.4 geen welzijns- of natuurbelevingsclaim; patroonbesluit 19-08, bevestigd door de redactie 25-08"
135593,NextGen™ Silent Stair System,68,NONE,geen,"§4.4 geen welzijns- of natuurbelevingsclaim; patroonbesluit 19-08, bevestigd door de redactie 25-08"
2194,Nichestones,,2471,Sense & Sensibility,"§4 de tekst benoemt zelf een uitgesproken zintuiglijke eigenschap als propositie — reliëf, textuur, lichtwerking, tactiliteit, geur of kleur die met de kijkhoek verandert"
2214,Nichestones – Metallized serie,,2471,Sense & Sensibility,"§4 de tekst benoemt zelf een uitgesproken zintuiglijke eigenschap als propositie — reliëf, textuur, lichtwerking, tactiliteit, geur of kleur die met de kijkhoek verandert"
2464,Nickel / Copper Ripstop fabric,68|69,69,Smart & Responsive,"§4.4 geen welzijns- of natuurbelevingsclaim; patroonbesluit 19-08, bevestigd door de redactie 25-08"
585,Niemann high gloss laminate,68,2511,Healthy & Non-Toxic,"antibacteriële en food-safe coating, LGA-gecertificeerd"
26790,Nipa Hut Envi Slat,68,NONE,geen,"§4.4 geen welzijns- of natuurbelevingsclaim; patroonbesluit 19-08, bevestigd door de redactie 25-08"
26484,NobelWood Equal Weathering,79|68,79,Bio-based & Living Materials,"§4.4 geen welzijns- of natuurbelevingsclaim; patroonbesluit 19-08, bevestigd door de redactie 25-08"
110993,Noir® thermodified wood,68,NONE,geen,"§4.4 geen welzijns- of natuurbelevingsclaim; patroonbesluit 19-08, bevestigd door de redactie 25-08"
1869,NonWovens,,2471,Sense & Sensibility,"§4 de tekst benoemt zelf een uitgesproken zintuiglijke eigenschap als propositie — reliëf, textuur, lichtwerking, tactiliteit, geur of kleur die met de kijkhoek verandert"
17250,Nordic Form,68,NONE,geen,"§4.4 geen welzijns- of natuurbelevingsclaim; patroonbesluit 19-08, bevestigd door de redactie 25-08"
110425,NOVA®️ sturgeon leather,79|68,79,Bio-based & Living Materials,"§4.4 geen welzijns- of natuurbelevingsclaim; patroonbesluit 19-08, bevestigd door de redactie 25-08"
30258,Noxite,68|916,916|2511,Circular | Healthy & Non-Toxic,dakmembraan zet NOx om in onschadelijke nitraten en verbetert de luchtkwaliteit
2145,NRP,,2471,Sense & Sensibility,"§4 de tekst benoemt zelf een uitgesproken zintuiglijke eigenschap als propositie — reliëf, textuur, lichtwerking, tactiliteit, geur of kleur die met de kijkhoek verandert"
1370,Objectile,68,NONE,geen,"§4.4 geen welzijns- of natuurbelevingsclaim; patroonbesluit 19-08, bevestigd door de redactie 25-08"
84747,Ocragela,79|68|916,79|916,Bio-based & Living Materials | Circular,"§4.4 geen welzijns- of natuurbelevingsclaim; patroonbesluit 19-08, bevestigd door de redactie 25-08"
81728,Odour absorbing fabric,68|69,69,Smart & Responsive,"§4.4 geen welzijns- of natuurbelevingsclaim; patroonbesluit 19-08, bevestigd door de redactie 25-08"
111692,Oer Tiles,68|916,916,Circular,"§4.4 geen welzijns- of natuurbelevingsclaim; patroonbesluit 19-08, bevestigd door de redactie 25-08"
60660,Oesterplat,68|916,916,Circular,"§4.4 geen welzijns- of natuurbelevingsclaim; patroonbesluit 19-08, bevestigd door de redactie 25-08"
23719,of-stone,,2471,Sense & Sensibility,"§4 de tekst benoemt zelf een uitgesproken zintuiglijke eigenschap als propositie — reliëf, textuur, lichtwerking, tactiliteit, geur of kleur die met de kijkhoek verandert"
34252,Okagel,76,76|2456,Translucency | Regenerative,Okagel noemt expliciet goede zichtbaarheid voor vogels
57773,Old boat wood mosaic,79|68|80,79|80,Bio-based & Living Materials | Sustainable,"§4.4 geen welzijns- of natuurbelevingsclaim; patroonbesluit 19-08, bevestigd door de redactie 25-08"
47434,Old bricks,68|80,80,Sustainable,"§4.4 geen welzijns- of natuurbelevingsclaim; patroonbesluit 19-08, bevestigd door de redactie 25-08"
2516,Opto4D,,2471,Sense & Sensibility,"§4 de tekst benoemt zelf een uitgesproken zintuiglijke eigenschap als propositie — reliëf, textuur, lichtwerking, tactiliteit, geur of kleur die met de kijkhoek verandert"
52206,Opulent wall covering,917|68,917,Acoustic,"§4.4 geen welzijns- of natuurbelevingsclaim; patroonbesluit 19-08, bevestigd door de redactie 25-08"
68815,Organic cotton,79|68,79,Bio-based & Living Materials,"§4.4 geen welzijns- of natuurbelevingsclaim; patroonbesluit 19-08, bevestigd door de redactie 25-08"
27413,Ornilux Bird Protection Glass,,2456,Regenerative,Ornilux: UV-patroon voorkomt vogelsterfte tegen glas
107770,Ottan Materials,79|68|916,79|916,Bio-based & Living Materials | Circular,"§4.4 geen welzijns- of natuurbelevingsclaim; patroonbesluit 19-08, bevestigd door de redactie 25-08"
1185,Outdoor Carpet Tiles,68,NONE,geen,"§4.4 geen welzijns- of natuurbelevingsclaim; patroonbesluit 19-08, bevestigd door de redactie 25-08"
79480,Outdoor fabric,68,NONE,geen,"§4.4 geen welzijns- of natuurbelevingsclaim; patroonbesluit 19-08, bevestigd door de redactie 25-08"
83527,Outdoor hemp fabric,79|68,79,Bio-based & Living Materials,"§4.4 geen welzijns- of natuurbelevingsclaim; patroonbesluit 19-08, bevestigd door de redactie 25-08"
92007,Ovatta,68,NONE,geen,"§4.4 geen welzijns- of natuurbelevingsclaim; patroonbesluit 19-08, bevestigd door de redactie 25-08"
54552,Oxydum,68,NONE,geen,"§4.4 geen welzijns- of natuurbelevingsclaim; patroonbesluit 19-08, bevestigd door de redactie 25-08"
83148,Ozeon® façade panels by Verometal®,68,NONE,geen,"§4.4 geen welzijns- of natuurbelevingsclaim; patroonbesluit 19-08, bevestigd door de redactie 25-08"
653,Padded wall tile,917|68,917,Acoustic,"§4.4 geen welzijns- of natuurbelevingsclaim; patroonbesluit 19-08, bevestigd door de redactie 25-08"
62045,Palmleather Filigree Rug,79|68,79,Bio-based & Living Materials,"§4.4 geen welzijns- of natuurbelevingsclaim; patroonbesluit 19-08, bevestigd door de redactie 25-08"
324,Pandomo Loft,68,NONE,geen,"§4.4 geen welzijns- of natuurbelevingsclaim; patroonbesluit 19-08, bevestigd door de redactie 25-08"
1918,Pandomo wall,917|68,917,Acoustic,"§4.4 geen welzijns- of natuurbelevingsclaim; patroonbesluit 19-08, bevestigd door de redactie 25-08"
129509,Panelox – Double Anodized Haze pattern,68,NONE,geen,"§4.4 geen welzijns- of natuurbelevingsclaim; patroonbesluit 19-08, bevestigd door de redactie 25-08"
111898,Pantoni,68,NONE,geen,"§4.4 geen welzijns- of natuurbelevingsclaim; patroonbesluit 19-08, bevestigd door de redactie 25-08"
47296,Paper sculptures,79|68,79,Bio-based & Living Materials,"§4.4 geen welzijns- of natuurbelevingsclaim; patroonbesluit 19-08, bevestigd door de redactie 25-08"
283,Paper Textiles 1,79|68,79,Bio-based & Living Materials,"§4.4 geen welzijns- of natuurbelevingsclaim; patroonbesluit 19-08, bevestigd door de redactie 25-08"
74848,Paper touch,68,NONE,geen,"§4.4 geen welzijns- of natuurbelevingsclaim; patroonbesluit 19-08, bevestigd door de redactie 25-08"
2,Paraglass,68|69,69,Smart & Responsive,"§4.4 geen welzijns- of natuurbelevingsclaim; patroonbesluit 19-08, bevestigd door de redactie 25-08"
71907,Parallel,68,2471,Sense & Sensibility,"§4 de tekst benoemt zelf een uitgesproken zintuiglijke eigenschap als propositie — reliëf, textuur, lichtwerking, tactiliteit, geur of kleur die met de kijkhoek verandert"
128115,Pattern,68,NONE,geen,"§4.4 geen welzijns- of natuurbelevingsclaim; patroonbesluit 19-08, bevestigd door de redactie 25-08"
2484,Pattern Design,917|68,917,Acoustic,"§4.4 geen welzijns- of natuurbelevingsclaim; patroonbesluit 19-08, bevestigd door de redactie 25-08"
31164,Patterned aluminium and stainless steel,68,NONE,geen,"§4.4 geen welzijns- of natuurbelevingsclaim; patroonbesluit 19-08, bevestigd door de redactie 25-08"
2003,Pavatex woodfibre insulation boards,79|68,79|2511,Bio-based & Living Materials | Healthy & Non-Toxic,"emissiearm hout, geen schadelijke emissies"
107194,Pearlescent blue glazes,68,2471,Sense & Sensibility,"§4 de tekst benoemt zelf een uitgesproken zintuiglijke eigenschap als propositie — reliëf, textuur, lichtwerking, tactiliteit, geur of kleur die met de kijkhoek verandert"
1359,Pearlnera,,2471,Sense & Sensibility,"§4 de tekst benoemt zelf een uitgesproken zintuiglijke eigenschap als propositie — reliëf, textuur, lichtwerking, tactiliteit, geur of kleur die met de kijkhoek verandert"
24079,Perforated Façade Systems,68,NONE,geen,"§4.4 geen welzijns- of natuurbelevingsclaim; patroonbesluit 19-08, bevestigd door de redactie 25-08"
73921,Perforated wood,68,NONE,geen,"§4.4 geen welzijns- of natuurbelevingsclaim; patroonbesluit 19-08, bevestigd door de redactie 25-08"
2575,Perltec Colibri,68,2471,Sense & Sensibility,"§4 de tekst benoemt zelf een uitgesproken zintuiglijke eigenschap als propositie — reliëf, textuur, lichtwerking, tactiliteit, geur of kleur die met de kijkhoek verandert"
2571,Perltec Cottone Superbo Cordoni,68,2471,Sense & Sensibility,"§4 de tekst benoemt zelf een uitgesproken zintuiglijke eigenschap als propositie — reliëf, textuur, lichtwerking, tactiliteit, geur of kleur die met de kijkhoek verandert"
43745,Perspective Tiles,68,2471,Sense & Sensibility,"§4 de tekst benoemt zelf een uitgesproken zintuiglijke eigenschap als propositie — reliëf, textuur, lichtwerking, tactiliteit, geur of kleur die met de kijkhoek verandert"
2762,Perspex Impressions Linear,68,NONE,geen,"§4.4 geen welzijns- of natuurbelevingsclaim; patroonbesluit 19-08, bevestigd door de redactie 25-08"
2748,Perspex Sparkle,,2471,Sense & Sensibility,"§4 de tekst benoemt zelf een uitgesproken zintuiglijke eigenschap als propositie — reliëf, textuur, lichtwerking, tactiliteit, geur of kleur die met de kijkhoek verandert"
103980,PERSPEX®,68,NONE,geen,"§4.4 geen welzijns- of natuurbelevingsclaim; patroonbesluit 19-08, bevestigd door de redactie 25-08"
120373,PHA,79|916,79|916|2601,Bio-based & Living Materials | Circular | Living Materials,"§4 micro-organismen zetten koolstofbronnen om in PHA — nieuw channel Living Materials, afgesplitst van Bio-based"
2655,Phoenix,79|68,79,Bio-based & Living Materials,"§4.4 geen welzijns- of natuurbelevingsclaim; patroonbesluit 19-08, bevestigd door de redactie 25-08"
1318,PhotoCast,,2471,Sense & Sensibility,"§4 de tekst benoemt zelf een uitgesproken zintuiglijke eigenschap als propositie — reliëf, textuur, lichtwerking, tactiliteit, geur of kleur die met de kijkhoek verandert"
762,Piavetro,,2471,Sense & Sensibility,"§4 de tekst benoemt zelf een uitgesproken zintuiglijke eigenschap als propositie — reliëf, textuur, lichtwerking, tactiliteit, geur of kleur die met de kijkhoek verandert"
61732,PineSkins,79|68,79,Bio-based & Living Materials,"§4.4 geen welzijns- of natuurbelevingsclaim; patroonbesluit 19-08, bevestigd door de redactie 25-08"
36736,Pintark surfaces,79|68,79,Bio-based & Living Materials,"§4.4 geen welzijns- of natuurbelevingsclaim; patroonbesluit 19-08, bevestigd door de redactie 25-08"
919,Pitted Spatulata,68,2471,Sense & Sensibility,"§4 de tekst benoemt zelf een uitgesproken zintuiglijke eigenschap als propositie — reliëf, textuur, lichtwerking, tactiliteit, geur of kleur die met de kijkhoek verandert"
33962,Pivot Origami,,2471,Sense & Sensibility,"§4 de tekst benoemt zelf een uitgesproken zintuiglijke eigenschap als propositie — reliëf, textuur, lichtwerking, tactiliteit, geur of kleur die met de kijkhoek verandert"
29853,Pladec,917|79|68,917|79,Acoustic | Bio-based & Living Materials,"§4.4 geen welzijns- of natuurbelevingsclaim; patroonbesluit 19-08, bevestigd door de redactie 25-08"
127581,Plana wood (Husk Plastic Composite),68|916,916,Circular,"§4.4 geen welzijns- of natuurbelevingsclaim; patroonbesluit 19-08, bevestigd door de redactie 25-08"
32801,Plant Culture,79|68|916,79|916|2511,Bio-based & Living Materials | Circular | Healthy & Non-Toxic,paneel zonder VOC-gehalte
222,Platinox,,2471,Sense & Sensibility,"§4 de tekst benoemt zelf een uitgesproken zintuiglijke eigenschap als propositie — reliëf, textuur, lichtwerking, tactiliteit, geur of kleur die met de kijkhoek verandert"
61866,Plaw,68,2471,Sense & Sensibility,"§4 de tekst benoemt zelf een uitgesproken zintuiglijke eigenschap als propositie — reliëf, textuur, lichtwerking, tactiliteit, geur of kleur die met de kijkhoek verandert"
80856,Plectere,917|79|68,917|79,Acoustic | Bio-based & Living Materials,"§4.4 geen welzijns- of natuurbelevingsclaim; patroonbesluit 19-08, bevestigd door de redactie 25-08"
127011,PLUMA KIWI,917,917|2601,Acoustic | Living Materials,"§4 mycelium met textielrestanten — nieuw channel Living Materials, afgesplitst van Bio-based"
77577,Plunge Reflective textile,68,NONE,geen,"§4.4 geen welzijns- of natuurbelevingsclaim; patroonbesluit 19-08, bevestigd door de redactie 25-08"
42042,Ply Project Wavy,917|79|68,917|79,Acoustic | Bio-based & Living Materials,"§4.4 geen welzijns- of natuurbelevingsclaim; patroonbesluit 19-08, bevestigd door de redactie 25-08"
2687,Plyben,68,NONE,geen,"§4.4 geen welzijns- of natuurbelevingsclaim; patroonbesluit 19-08, bevestigd door de redactie 25-08"
93679,POLAR,68,NONE,geen,"§4.4 geen welzijns- of natuurbelevingsclaim; patroonbesluit 19-08, bevestigd door de redactie 25-08"
35934,Polaris,68,2511,Healthy & Non-Toxic,antibacterieel oppervlak
54849,Polimarble,68|916,916,Circular,"§4.4 geen welzijns- of natuurbelevingsclaim; patroonbesluit 19-08, bevestigd door de redactie 25-08"
77608,Polyurethane fake leather,68,NONE,geen,"§4.4 geen welzijns- of natuurbelevingsclaim; patroonbesluit 19-08, bevestigd door de redactie 25-08"
128497,Ponda BioPuff®,79,79|2456,Bio-based & Living Materials | Regenerative,"lisdodde geteeld op geregenereerd veenmoeras, met herstel van het watersysteem"
66093,Post-Fuel Project,79|68,79,Bio-based & Living Materials,"§4.4 geen welzijns- of natuurbelevingsclaim; patroonbesluit 19-08, bevestigd door de redactie 25-08"
2179,Powder Coating,68,NONE,geen,"§4.4 geen welzijns- of natuurbelevingsclaim; patroonbesluit 19-08, bevestigd door de redactie 25-08"
93648,Powder coatings Abcite® & Plascoat®,68,NONE,geen,"§4.4 geen welzijns- of natuurbelevingsclaim; patroonbesluit 19-08, bevestigd door de redactie 25-08"
2742,PreBeam,68,NONE,geen,"§4.4 geen welzijns- of natuurbelevingsclaim; patroonbesluit 19-08, bevestigd door de redactie 25-08"
1358,Prefa-Design,68,NONE,geen,"§4.4 geen welzijns- of natuurbelevingsclaim; patroonbesluit 19-08, bevestigd door de redactie 25-08"
127446,Preserved Pillow and Flat moss,79|68,79|68|2601,Bio-based & Living Materials | Biophilic & Human-Centred | Living Materials,"§4 echt mos, geoogst en geconserveerd — nieuw channel Living Materials, afgesplitst van Bio-based"
59563,Pressed Colour Glass,68,2471,Sense & Sensibility,"§4 de tekst benoemt zelf een uitgesproken zintuiglijke eigenschap als propositie — reliëf, textuur, lichtwerking, tactiliteit, geur of kleur die met de kijkhoek verandert"
135805,Primavera Oak,68,NONE,geen,"§4.4 geen welzijns- of natuurbelevingsclaim; patroonbesluit 19-08, bevestigd door de redactie 25-08"
29101,Primofiore,68,NONE,geen,"§4.4 geen welzijns- of natuurbelevingsclaim; patroonbesluit 19-08, bevestigd door de redactie 25-08"
119954,Primordial Pigments,79|68,79|2601,Bio-based & Living Materials | Living Materials,"§4 pigmentproducerende bacteriën als drukinkt — nieuw channel Living Materials, afgesplitst van Bio-based"
1320,Printed and relief tiles,68|75,75,New Making,"§4.4 geen welzijns- of natuurbelevingsclaim; patroonbesluit 19-08, bevestigd door de redactie 25-08"
19066,Printed relief on glass,68|75|69,75|69,New Making | Smart & Responsive,"§4.4 geen welzijns- of natuurbelevingsclaim; patroonbesluit 19-08, bevestigd door de redactie 25-08"
19083,Printed relief on wood,68,NONE,geen,"§4.4 geen welzijns- of natuurbelevingsclaim; patroonbesluit 19-08, bevestigd door de redactie 25-08"
48930,Proshield graphene paint,68|69,69,Smart & Responsive,"§4.4 geen welzijns- of natuurbelevingsclaim; patroonbesluit 19-08, bevestigd door de redactie 25-08"
2436,Pure Copper,917|68,917,Acoustic,"§4.4 geen welzijns- of natuurbelevingsclaim; patroonbesluit 19-08, bevestigd door de redactie 25-08"
45816,Pure metal tiles,68,NONE,geen,"§4.4 geen welzijns- of natuurbelevingsclaim; patroonbesluit 19-08, bevestigd door de redactie 25-08"
75309,Putek Mini Hexagon,68,NONE,geen,"§4.4 geen welzijns- of natuurbelevingsclaim; patroonbesluit 19-08, bevestigd door de redactie 25-08"
1714,Puzzle tile,68,NONE,geen,"§4.4 geen welzijns- of natuurbelevingsclaim; patroonbesluit 19-08, bevestigd door de redactie 25-08"
65013,PVD coating,68,NONE,geen,"§4.4 geen welzijns- of natuurbelevingsclaim; patroonbesluit 19-08, bevestigd door de redactie 25-08"
109903,Pyrus,79|2456,79|2456|2601,Bio-based & Living Materials | Regenerative | Living Materials,"§4 bacteriecellulose als bijproduct van de kombucha-industrie — nieuw channel Living Materials, afgesplitst van Bio-based"
1836,R-cast ICE,68,2471,Sense & Sensibility,"§4 de tekst benoemt zelf een uitgesproken zintuiglijke eigenschap als propositie — reliëf, textuur, lichtwerking, tactiliteit, geur of kleur die met de kijkhoek verandert"
120448,R-IRIS Acoustics,917|68|916,917|916,Acoustic | Circular,"§4.4 geen welzijns- of natuurbelevingsclaim; patroonbesluit 19-08, bevestigd door de redactie 25-08"
28048,Radiant,68,NONE,geen,"§4.4 geen welzijns- of natuurbelevingsclaim; patroonbesluit 19-08, bevestigd door de redactie 25-08"
87437,Raw Paint RWP100,68|80,80,Sustainable,"§4.4 geen welzijns- of natuurbelevingsclaim; patroonbesluit 19-08, bevestigd door de redactie 25-08"
113311,Re-Value,68|916,916,Circular,"§4.4 geen welzijns- of natuurbelevingsclaim; patroonbesluit 19-08, bevestigd door de redactie 25-08"
86329,Re-veneer,79|68,79,Bio-based & Living Materials,"§4.4 geen welzijns- of natuurbelevingsclaim; patroonbesluit 19-08, bevestigd door de redactie 25-08"
120339,Real Wood Origami Veneer,68,NONE,geen,"§4.4 geen welzijns- of natuurbelevingsclaim; patroonbesluit 19-08, bevestigd door de redactie 25-08"
88352,Recycled PET felt wall-cover,917|68,917,Acoustic,"§4.4 geen welzijns- of natuurbelevingsclaim; patroonbesluit 19-08, bevestigd door de redactie 25-08"
103799,Recycled plastic waste upholstery,68|916,916,Circular,"§4.4 geen welzijns- of natuurbelevingsclaim; patroonbesluit 19-08, bevestigd door de redactie 25-08"
114756,Recycled vinyl wallcovering,68|916,916,Circular,"§4.4 geen welzijns- of natuurbelevingsclaim; patroonbesluit 19-08, bevestigd door de redactie 25-08"
2706,Reflections,68,2471,Sense & Sensibility,"§4 de tekst benoemt zelf een uitgesproken zintuiglijke eigenschap als propositie — reliëf, textuur, lichtwerking, tactiliteit, geur of kleur die met de kijkhoek verandert"
73317,Reflective,68,NONE,geen,"§4.4 geen welzijns- of natuurbelevingsclaim; patroonbesluit 19-08, bevestigd door de redactie 25-08"
64070,Reflective fabrics,68,2471,Sense & Sensibility,"§4 de tekst benoemt zelf een uitgesproken zintuiglijke eigenschap als propositie — reliëf, textuur, lichtwerking, tactiliteit, geur of kleur die met de kijkhoek verandert"
2611,Reflexions,,2471,Sense & Sensibility,"§4 de tekst benoemt zelf een uitgesproken zintuiglijke eigenschap als propositie — reliëf, textuur, lichtwerking, tactiliteit, geur of kleur die met de kijkhoek verandert"
31256,Relief,68,2471,Sense & Sensibility,"§4 de tekst benoemt zelf een uitgesproken zintuiglijke eigenschap als propositie — reliëf, textuur, lichtwerking, tactiliteit, geur of kleur die met de kijkhoek verandert"
32807,Relief Textile,68|75|69,75|69,New Making | Smart & Responsive,"§4.4 geen welzijns- of natuurbelevingsclaim; patroonbesluit 19-08, bevestigd door de redactie 25-08"
1295,RELIEFGLASS,,2471,Sense & Sensibility,"§4 de tekst benoemt zelf een uitgesproken zintuiglijke eigenschap als propositie — reliëf, textuur, lichtwerking, tactiliteit, geur of kleur die met de kijkhoek verandert"
61014,Repreve fibres & fabric,917|68|916,917|916,Acoustic | Circular,"§4.4 geen welzijns- of natuurbelevingsclaim; patroonbesluit 19-08, bevestigd door de redactie 25-08"
1738,Riflessi,,2471,Sense & Sensibility,"§4 de tekst benoemt zelf een uitgesproken zintuiglijke eigenschap als propositie — reliëf, textuur, lichtwerking, tactiliteit, geur of kleur die met de kijkhoek verandert"
1248,Riverstone,68,NONE,geen,"§4.4 geen welzijns- of natuurbelevingsclaim; patroonbesluit 19-08, bevestigd door de redactie 25-08"
2626,Rivets,,2471,Sense & Sensibility,"§4 de tekst benoemt zelf een uitgesproken zintuiglijke eigenschap als propositie — reliëf, textuur, lichtwerking, tactiliteit, geur of kleur die met de kijkhoek verandert"
2737,Rivuletta,,2471,Sense & Sensibility,"§4 de tekst benoemt zelf een uitgesproken zintuiglijke eigenschap als propositie — reliëf, textuur, lichtwerking, tactiliteit, geur of kleur die met de kijkhoek verandert"
129582,RIWOOD Rice Husk Composite,68|916,916,Circular,"§4.4 geen welzijns- of natuurbelevingsclaim; patroonbesluit 19-08, bevestigd door de redactie 25-08"
2678,Rocco,68,NONE,geen,"§4.4 geen welzijns- of natuurbelevingsclaim; patroonbesluit 19-08, bevestigd door de redactie 25-08"
1976,Rockpanel Chameleon,68,NONE,geen,"§4.4 geen welzijns- of natuurbelevingsclaim; patroonbesluit 19-08, bevestigd door de redactie 25-08"
126307,Rockpanel Stones,68,NONE,geen,"§4.4 geen welzijns- of natuurbelevingsclaim; patroonbesluit 19-08, bevestigd door de redactie 25-08"
135827,Rodruza Living Bricks,68,NONE,geen,"§4.4 geen welzijns- of natuurbelevingsclaim; patroonbesluit 19-08, bevestigd door de redactie 25-08"
135439,Roofclix – Reflective Roof Tile System,68,NONE,geen,"§4.4 geen welzijns- of natuurbelevingsclaim; patroonbesluit 19-08, bevestigd door de redactie 25-08"
119250,Root Textile,917|79,917|79|2601,Acoustic | Bio-based & Living Materials | Living Materials,"§4 wortels van tarwegras groeien tot textiel — nieuw channel Living Materials, afgesplitst van Bio-based"
54774,Roots,68,NONE,geen,"§4.4 geen welzijns- of natuurbelevingsclaim; patroonbesluit 19-08, bevestigd door de redactie 25-08"
29386,Rotterdam Fruitleather,79|68|916|80,79|916|80,Bio-based & Living Materials | Circular | Sustainable,"§4.4 geen welzijns- of natuurbelevingsclaim; patroonbesluit 19-08, bevestigd door de redactie 25-08"
39318,Round rod Ghost,68|916,916,Circular,"§4.4 geen welzijns- of natuurbelevingsclaim; patroonbesluit 19-08, bevestigd door de redactie 25-08"
109102,Rubio Monocoat oil Plus 2-C,68,NONE,geen,"§4.4 geen welzijns- of natuurbelevingsclaim; patroonbesluit 19-08, bevestigd door de redactie 25-08"
128114,Rudiments,68,NONE,geen,"§4.4 geen welzijns- of natuurbelevingsclaim; patroonbesluit 19-08, bevestigd door de redactie 25-08"
58406,Rust Harvest,68,NONE,geen,"§4.4 geen welzijns- of natuurbelevingsclaim; patroonbesluit 19-08, bevestigd door de redactie 25-08"
2065,Rustic Window & Quilted Cloud,79|68,79,Bio-based & Living Materials,"§4.4 geen welzijns- of natuurbelevingsclaim; patroonbesluit 19-08, bevestigd door de redactie 25-08"
77462,Rustiles,68,NONE,geen,"§4.4 geen welzijns- of natuurbelevingsclaim; patroonbesluit 19-08, bevestigd door de redactie 25-08"
41362,S-tilestone flexible,68|77,77,Lightweight,"§4.4 geen welzijns- of natuurbelevingsclaim; patroonbesluit 19-08, bevestigd door de redactie 25-08"
55243,S.Café coffee fabric,68|69,69,Smart & Responsive,"§4.4 geen welzijns- of natuurbelevingsclaim; patroonbesluit 19-08, bevestigd door de redactie 25-08"
20426,SafeWood (Color),68,NONE,geen,"§4.4 geen welzijns- of natuurbelevingsclaim; patroonbesluit 19-08, bevestigd door de redactie 25-08"
20862,SafeWood FRX,68,NONE,geen,"§4.4 geen welzijns- of natuurbelevingsclaim; patroonbesluit 19-08, bevestigd door de redactie 25-08"
120783,Salmon leather,79|68,79,Bio-based & Living Materials,"§4.4 geen welzijns- of natuurbelevingsclaim; patroonbesluit 19-08, bevestigd door de redactie 25-08"
129609,Sandalor Gold S120,68,NONE,geen,"§4.4 geen welzijns- of natuurbelevingsclaim; patroonbesluit 19-08, bevestigd door de redactie 25-08"
28764,Sandwich Panels,917|68,917,Acoustic,"§4.4 geen welzijns- of natuurbelevingsclaim; patroonbesluit 19-08, bevestigd door de redactie 25-08"
2458,Sateen Range,,2471,Sense & Sensibility,"§4 de tekst benoemt zelf een uitgesproken zintuiglijke eigenschap als propositie — reliëf, textuur, lichtwerking, tactiliteit, geur of kleur die met de kijkhoek verandert"
73329,Satin jacquard,68,NONE,geen,"§4.4 geen welzijns- of natuurbelevingsclaim; patroonbesluit 19-08, bevestigd door de redactie 25-08"
2170,Satin Ribbon & ZigZag,68,NONE,geen,"§4.4 geen welzijns- of natuurbelevingsclaim; patroonbesluit 19-08, bevestigd door de redactie 25-08"
37199,Scapa,68|916,916,Circular,"§4.4 geen welzijns- of natuurbelevingsclaim; patroonbesluit 19-08, bevestigd door de redactie 25-08"
36597,Scented carpet,79|68,79,Bio-based & Living Materials,"§4.4 geen welzijns- of natuurbelevingsclaim; patroonbesluit 19-08, bevestigd door de redactie 25-08"
71607,Scoby packaging material,79,79|2601,Bio-based & Living Materials | Living Materials,"§4 verpakking gekweekt uit scoby, de levende cultuur van kombucha — nieuw channel Living Materials, afgesplitst van Bio-based"
126628,Scoria,68,NONE,geen,"§4.4 geen welzijns- of natuurbelevingsclaim; patroonbesluit 19-08, bevestigd door de redactie 25-08"
20564,Scrapwood Wallpaper 2,68,NONE,geen,"§4.4 geen welzijns- of natuurbelevingsclaim; patroonbesluit 19-08, bevestigd door de redactie 25-08"
81412,Scratch me,68,NONE,geen,"§4.4 geen welzijns- of natuurbelevingsclaim; patroonbesluit 19-08, bevestigd door de redactie 25-08"
63006,Screen Asset,68,2511,Healthy & Non-Toxic,"vrij van VOC, ftalaten, formaldehyde en zware metalen"
63271,Screen Reflection Plus,68,NONE,geen,"§4.4 geen welzijns- of natuurbelevingsclaim; patroonbesluit 19-08, bevestigd door de redactie 25-08"
128245,Sculptural Mycelium,79,79|2601,Bio-based & Living Materials | Living Materials,"§4 mycelium-composiet, veertien dagen gegroeid in een mal — nieuw channel Living Materials, afgesplitst van Bio-based"
2150,Sculptured Collection,,2471,Sense & Sensibility,"§4 de tekst benoemt zelf een uitgesproken zintuiglijke eigenschap als propositie — reliëf, textuur, lichtwerking, tactiliteit, geur of kleur die met de kijkhoek verandert"
134858,Sea Glass,79,79|2601,Bio-based & Living Materials | Living Materials,"§4 silica gevormd door microalgen; het glas wordt gekweekt, niet gedolven — nieuw channel Living Materials, afgesplitst van Bio-based"
129924,Sea silt Ceramics,68|80,80|2456,Sustainable | Regenerative,"baggerspecie uit vaarwegen, met biodiversiteitsherstel in de keten"
107185,SeaWood Materials,917|79,917|79|2456,Acoustic | Bio-based & Living Materials | Regenerative,zeewier haalt CO2 én overtollig stikstof uit zeewater en herstelt daarmee waterkwaliteit en biodiversiteit
120492,Second High tile,68|916,916,Circular,"§4.4 geen welzijns- of natuurbelevingsclaim; patroonbesluit 19-08, bevestigd door de redactie 25-08"
2487,See Your Space,,2471,Sense & Sensibility,"§4 de tekst benoemt zelf een uitgesproken zintuiglijke eigenschap als propositie — reliëf, textuur, lichtwerking, tactiliteit, geur of kleur die met de kijkhoek verandert"
2695,See-thru Acrylic Mirror,68,NONE,geen,"§4.4 geen welzijns- of natuurbelevingsclaim; patroonbesluit 19-08, bevestigd door de redactie 25-08"
30260,Sefar Architecture Fabrics,68|77|76,77|76,Lightweight | Translucency,"§4.4 geen welzijns- of natuurbelevingsclaim; patroonbesluit 19-08, bevestigd door de redactie 25-08"
21742,SEFAR ARCHITECTURE INTERIOR/EXTERIOR,917|68,917,Acoustic,"§4.4 geen welzijns- of natuurbelevingsclaim; patroonbesluit 19-08, bevestigd door de redactie 25-08"
54583,Sensitile glass tiles,68,NONE,geen,"§4.4 geen welzijns- of natuurbelevingsclaim; patroonbesluit 19-08, bevestigd door de redactie 25-08"
1885,SG Polly Premium,,2471,Sense & Sensibility,"§4 de tekst benoemt zelf een uitgesproken zintuiglijke eigenschap als propositie — reliëf, textuur, lichtwerking, tactiliteit, geur of kleur die met de kijkhoek verandert"
2023,Shadow deep gold,68,NONE,geen,"§4.4 geen welzijns- of natuurbelevingsclaim; patroonbesluit 19-08, bevestigd door de redactie 25-08"
20016,Siberian larch WaxedWood Cladding,68,NONE,geen,"§4.4 geen welzijns- of natuurbelevingsclaim; patroonbesluit 19-08, bevestigd door de redactie 25-08"
24670,SibuGlas,,2471,Sense & Sensibility,"§4 de tekst benoemt zelf een uitgesproken zintuiglijke eigenschap als propositie — reliëf, textuur, lichtwerking, tactiliteit, geur of kleur die met de kijkhoek verandert"
129974,SIERRA PAPA (anodized aluminum wire),68,NONE,geen,"§4.4 geen welzijns- of natuurbelevingsclaim; patroonbesluit 19-08, bevestigd door de redactie 25-08"
132177,Sileather Consumer Electronics Collection,68,NONE,geen,"§4.4 geen welzijns- of natuurbelevingsclaim; patroonbesluit 19-08, bevestigd door de redactie 25-08"
132155,Sileather General Collection,68,NONE,geen,"§4.4 geen welzijns- of natuurbelevingsclaim; patroonbesluit 19-08, bevestigd door de redactie 25-08"
132170,Sileather Marine,68,NONE,geen,"§4.4 geen welzijns- of natuurbelevingsclaim; patroonbesluit 19-08, bevestigd door de redactie 25-08"
132182,Sileather Prints,68,NONE,geen,"§4.4 geen welzijns- of natuurbelevingsclaim; patroonbesluit 19-08, bevestigd door de redactie 25-08"
132154,Sileather Sports,68,NONE,geen,"§4.4 geen welzijns- of natuurbelevingsclaim; patroonbesluit 19-08, bevestigd door de redactie 25-08"
59963,Silentum acoustic wool felt,79|68,79|2511,Bio-based & Living Materials | Healthy & Non-Toxic,schapenwol filtert en neutraliseert schadelijke stoffen uit de lucht
2562,Silestone Volcano,68,NONE,geen,"§4.4 geen welzijns- of natuurbelevingsclaim; patroonbesluit 19-08, bevestigd door de redactie 25-08"
68233,Silicone,68,2471,Sense & Sensibility,"§4 de tekst benoemt zelf een uitgesproken zintuiglijke eigenschap als propositie — reliëf, textuur, lichtwerking, tactiliteit, geur of kleur die met de kijkhoek verandert"
78749,Silicone yarn,68,NONE,geen,"§4.4 geen welzijns- of natuurbelevingsclaim; patroonbesluit 19-08, bevestigd door de redactie 25-08"
21425,Silk screen printed lava stone,68|75,75,New Making,"§4.4 geen welzijns- of natuurbelevingsclaim; patroonbesluit 19-08, bevestigd door de redactie 25-08"
103656,Sincrolam CLPL®,68,2471,Sense & Sensibility,"§4 de tekst benoemt zelf een uitgesproken zintuiglijke eigenschap als propositie — reliëf, textuur, lichtwerking, tactiliteit, geur of kleur die met de kijkhoek verandert"
36707,SINH Laminate,917|68,917,Acoustic,"§4.4 geen welzijns- of natuurbelevingsclaim; patroonbesluit 19-08, bevestigd door de redactie 25-08"
982,Skai Sastitcho,68,NONE,geen,"§4.4 geen welzijns- of natuurbelevingsclaim; patroonbesluit 19-08, bevestigd door de redactie 25-08"
23024,Sky blue 3D Tiles,,2471,Sense & Sensibility,"§4 de tekst benoemt zelf een uitgesproken zintuiglijke eigenschap als propositie — reliëf, textuur, lichtwerking, tactiliteit, geur of kleur die met de kijkhoek verandert"
1412,Slumber,,2471,Sense & Sensibility,"§4 de tekst benoemt zelf een uitgesproken zintuiglijke eigenschap als propositie — reliëf, textuur, lichtwerking, tactiliteit, geur of kleur die met de kijkhoek verandert"
19640,SMART-X®,68|69,69,Smart & Responsive,"§4.4 geen welzijns- of natuurbelevingsclaim; patroonbesluit 19-08, bevestigd door de redactie 25-08"
2066,Snowdrift,79|68,79,Bio-based & Living Materials,"§4.4 geen welzijns- of natuurbelevingsclaim; patroonbesluit 19-08, bevestigd door de redactie 25-08"
969,Soft Feel Coating,,2471,Sense & Sensibility,"§4 de tekst benoemt zelf een uitgesproken zintuiglijke eigenschap als propositie — reliëf, textuur, lichtwerking, tactiliteit, geur of kleur die met de kijkhoek verandert"
107405,Soft Silica,68,NONE,geen,"§4.4 geen welzijns- of natuurbelevingsclaim; patroonbesluit 19-08, bevestigd door de redactie 25-08"
2505,Soft-Touch Coatings,,2471,Sense & Sensibility,"§4 de tekst benoemt zelf een uitgesproken zintuiglijke eigenschap als propositie — reliëf, textuur, lichtwerking, tactiliteit, geur of kleur die met de kijkhoek verandert"
2726,SofTouch paint,,2471,Sense & Sensibility,"§4 de tekst benoemt zelf een uitgesproken zintuiglijke eigenschap als propositie — reliëf, textuur, lichtwerking, tactiliteit, geur of kleur die met de kijkhoek verandert"
111632,Soily,68|916,916,Circular,"§4.4 geen welzijns- of natuurbelevingsclaim; patroonbesluit 19-08, bevestigd door de redactie 25-08"
53175,Solid surface full colour,917|68,917,Acoustic,"§4.4 geen welzijns- of natuurbelevingsclaim; patroonbesluit 19-08, bevestigd door de redactie 25-08"
32496,Solid Wood Decorative Elements,68|75,75,New Making,"§4.4 geen welzijns- of natuurbelevingsclaim; patroonbesluit 19-08, bevestigd door de redactie 25-08"
29806,Soluble Textile,68|73|69,73|69,Material Futures | Smart & Responsive,"§4.4 geen welzijns- of natuurbelevingsclaim; patroonbesluit 19-08, bevestigd door de redactie 25-08"
2753,Sophie Collection,68,2471,Sense & Sensibility,"§4 de tekst benoemt zelf een uitgesproken zintuiglijke eigenschap als propositie — reliëf, textuur, lichtwerking, tactiliteit, geur of kleur die met de kijkhoek verandert"
524,Soundreducing Carpet,917|68,917,Acoustic,"§4.4 geen welzijns- of natuurbelevingsclaim; patroonbesluit 19-08, bevestigd door de redactie 25-08"
72758,Space-defining surfaces,68,NONE,geen,"§4.4 geen welzijns- of natuurbelevingsclaim; patroonbesluit 19-08, bevestigd door de redactie 25-08"
56575,Spalted maple,79|68|916,79|916,Bio-based & Living Materials | Circular,"§4.4 geen welzijns- of natuurbelevingsclaim; patroonbesluit 19-08, bevestigd door de redactie 25-08"
1756,Specchi d ’arredamento,,2471,Sense & Sensibility,"§4 de tekst benoemt zelf een uitgesproken zintuiglijke eigenschap als propositie — reliëf, textuur, lichtwerking, tactiliteit, geur of kleur die met de kijkhoek verandert"
1619,Specchiopiuma mirror,68,NONE,geen,"§4.4 geen welzijns- of natuurbelevingsclaim; patroonbesluit 19-08, bevestigd door de redactie 25-08"
2149,Special Matt Film,68|69,69,Smart & Responsive,"§4.4 geen welzijns- of natuurbelevingsclaim; patroonbesluit 19-08, bevestigd door de redactie 25-08"
2181,Spheres,68|69,69,Smart & Responsive,"§4.4 geen welzijns- of natuurbelevingsclaim; patroonbesluit 19-08, bevestigd door de redactie 25-08"
1657,Spin steel tile,68,NONE,geen,"§4.4 geen welzijns- of natuurbelevingsclaim; patroonbesluit 19-08, bevestigd door de redactie 25-08"
22551,Sprayflex,917|68,917,Acoustic,"§4.4 geen welzijns- of natuurbelevingsclaim; patroonbesluit 19-08, bevestigd door de redactie 25-08"
110481,Squama® salmon leather,79|68,79,Bio-based & Living Materials,"§4.4 geen welzijns- of natuurbelevingsclaim; patroonbesluit 19-08, bevestigd door de redactie 25-08"
41626,Squid,68|73|76,73|76,Material Futures | Translucency,"§4.4 geen welzijns- of natuurbelevingsclaim; patroonbesluit 19-08, bevestigd door de redactie 25-08"
2429,Stainless steel mesh shielding fabric,68|69,69,Smart & Responsive,"§4.4 geen welzijns- of natuurbelevingsclaim; patroonbesluit 19-08, bevestigd door de redactie 25-08"
1267,Stainless Steel Structures,68,NONE,geen,"§4.4 geen welzijns- of natuurbelevingsclaim; patroonbesluit 19-08, bevestigd door de redactie 25-08"
1301,Stainless steel tile,68,NONE,geen,"§4.4 geen welzijns- of natuurbelevingsclaim; patroonbesluit 19-08, bevestigd door de redactie 25-08"
2329,Stamisol color FTP 35,68,NONE,geen,"§4.4 geen welzijns- of natuurbelevingsclaim; patroonbesluit 19-08, bevestigd door de redactie 25-08"
70820,Standing textiles,68,NONE,geen,"§4.4 geen welzijns- of natuurbelevingsclaim; patroonbesluit 19-08, bevestigd door de redactie 25-08"
20052,Starpath,68,NONE,geen,"§4.4 geen welzijns- of natuurbelevingsclaim; patroonbesluit 19-08, bevestigd door de redactie 25-08"
26059,Starshine,,2471,Sense & Sensibility,"§4 de tekst benoemt zelf een uitgesproken zintuiglijke eigenschap als propositie — reliëf, textuur, lichtwerking, tactiliteit, geur of kleur die met de kijkhoek verandert"
102104,Steel,68,NONE,geen,"§4.4 geen welzijns- of natuurbelevingsclaim; patroonbesluit 19-08, bevestigd door de redactie 25-08"
648,SteenFineer (stone veneer),917|68,917,Acoustic,"§4.4 geen welzijns- of natuurbelevingsclaim; patroonbesluit 19-08, bevestigd door de redactie 25-08"
32,Stegplatten,,2471,Sense & Sensibility,"§4 de tekst benoemt zelf een uitgesproken zintuiglijke eigenschap als propositie — reliëf, textuur, lichtwerking, tactiliteit, geur of kleur die met de kijkhoek verandert"
32037,Stitched,79|68|73,79|73,Bio-based & Living Materials | Material Futures,"§4.4 geen welzijns- of natuurbelevingsclaim; patroonbesluit 19-08, bevestigd door de redactie 25-08"
42728,Stitched Wood,79|68|73|80,79|73|80,Bio-based & Living Materials | Material Futures | Sustainable,"§4.4 geen welzijns- of natuurbelevingsclaim; patroonbesluit 19-08, bevestigd door de redactie 25-08"
38843,Stitching,68,NONE,geen,"§4.4 geen welzijns- of natuurbelevingsclaim; patroonbesluit 19-08, bevestigd door de redactie 25-08"
40651,Sto-Ecoshapes,917|68|2455,917|2455,Acoustic | Energy & Resilience,"§4.4 geen welzijns- of natuurbelevingsclaim; patroonbesluit 19-08, bevestigd door de redactie 25-08"
77814,Sto-Glass Mosaic,68,NONE,geen,"§4.4 geen welzijns- of natuurbelevingsclaim; patroonbesluit 19-08, bevestigd door de redactie 25-08"
40011,StoBrick,917|68|2455,917|2455,Acoustic | Energy & Resilience,"§4.4 geen welzijns- of natuurbelevingsclaim; patroonbesluit 19-08, bevestigd door de redactie 25-08"
1550,StoDeco,68,2471,Sense & Sensibility,"§4 de tekst benoemt zelf een uitgesproken zintuiglijke eigenschap als propositie — reliëf, textuur, lichtwerking, tactiliteit, geur of kleur die met de kijkhoek verandert"
48720,Stone Tadelakt lime plaster,68|916,916,Circular,"§4.4 geen welzijns- of natuurbelevingsclaim; patroonbesluit 19-08, bevestigd door de redactie 25-08"
1554,StoVentec Glass,68,NONE,geen,"§4.4 geen welzijns- of natuurbelevingsclaim; patroonbesluit 19-08, bevestigd door de redactie 25-08"
2560,Stratificato Print HPL,68,NONE,geen,"§4.4 geen welzijns- of natuurbelevingsclaim; patroonbesluit 19-08, bevestigd door de redactie 25-08"
110964,STRATOS®,68,2471,Sense & Sensibility,"§4 de tekst benoemt zelf een uitgesproken zintuiglijke eigenschap als propositie — reliëf, textuur, lichtwerking, tactiliteit, geur of kleur die met de kijkhoek verandert"
43,Streamribs,,2471,Sense & Sensibility,"§4 de tekst benoemt zelf een uitgesproken zintuiglijke eigenschap als propositie — reliëf, textuur, lichtwerking, tactiliteit, geur of kleur die met de kijkhoek verandert"
20179,Stretch 3D textile,,2471,Sense & Sensibility,"§4 de tekst benoemt zelf een uitgesproken zintuiglijke eigenschap als propositie — reliëf, textuur, lichtwerking, tactiliteit, geur of kleur die met de kijkhoek verandert"
2698,Stretch Maille,,2471,Sense & Sensibility,"§4 de tekst benoemt zelf een uitgesproken zintuiglijke eigenschap als propositie — reliëf, textuur, lichtwerking, tactiliteit, geur of kleur die met de kijkhoek verandert"
119742,Structurally coloured bio material,79,79|2601,Bio-based & Living Materials | Living Materials,"§4 structuurkleur uit uitgelijnde bacteriën in plaats van pigment — nieuw channel Living Materials, afgesplitst van Bio-based"
93747,Stylish spaces with metallic surfaces,68,NONE,geen,"§4.4 geen welzijns- of natuurbelevingsclaim; patroonbesluit 19-08, bevestigd door de redactie 25-08"
50479,Sublidot,68,NONE,geen,"§4.4 geen welzijns- of natuurbelevingsclaim; patroonbesluit 19-08, bevestigd door de redactie 25-08"
42159,Sugru,68|73,73,Material Futures,"§4.4 geen welzijns- of natuurbelevingsclaim; patroonbesluit 19-08, bevestigd door de redactie 25-08"
78762,Super soft modal blend,79|68,79,Bio-based & Living Materials,"§4.4 geen welzijns- of natuurbelevingsclaim; patroonbesluit 19-08, bevestigd door de redactie 25-08"
35197,Superblack,68|73,73,Material Futures,"§4.4 geen welzijns- of natuurbelevingsclaim; patroonbesluit 19-08, bevestigd door de redactie 25-08"
83435,SuperFabric,68|69,69,Smart & Responsive,"§4.4 geen welzijns- of natuurbelevingsclaim; patroonbesluit 19-08, bevestigd door de redactie 25-08"
55314,SuperPan E-Z,917|68,917,Acoustic,"§4.4 geen welzijns- of natuurbelevingsclaim; patroonbesluit 19-08, bevestigd door de redactie 25-08"
81021,suprlabs ++VE,68|69,68|69|2511,Biophilic & Human-Centred | Smart & Responsive | Healthy & Non-Toxic,permanente zilverlaag met antimicrobiële werking — oordeel redactie 13-08: beide channels
80993,suprlabs +VE,68|69,68|69|2511,Biophilic & Human-Centred | Smart & Responsive | Healthy & Non-Toxic,permanente zilverlaag met antimicrobiële werking — oordeel redactie 13-08: beide channels
2618,Surface iQ PVC-free Wallcovering,68,2511,Healthy & Non-Toxic,"vrij van PVC, weekmakers en zware metalen; getoetst op binnenluchtkwaliteit"
37130,Surfaces Chip and Stick,68|75,75,New Making,"§4.4 geen welzijns- of natuurbelevingsclaim; patroonbesluit 19-08, bevestigd door de redactie 25-08"
52193,Sustonable,917|68|916,917|916,Acoustic | Circular,"§4.4 geen welzijns- of natuurbelevingsclaim; patroonbesluit 19-08, bevestigd door de redactie 25-08"
121481,SWEDBOARD® Fibre,68,NONE,geen,"§4.4 geen welzijns- of natuurbelevingsclaim; patroonbesluit 19-08, bevestigd door de redactie 25-08"
128082,SymbioMat™,79,79|2601,Bio-based & Living Materials | Living Materials,"§4 uitsluitend paddenstoel en plantvezel — nieuw channel Living Materials, afgesplitst van Bio-based"
49451,T-paint Loam textured paint,79|68|916,79|916,Bio-based & Living Materials | Circular,"§4.4 geen welzijns- of natuurbelevingsclaim; patroonbesluit 19-08, bevestigd door de redactie 25-08"
28507,Tabu Veneer,68,2511,Healthy & Non-Toxic,formaldehydevrij fineer
49335,Tactile textiles,68,2471,Sense & Sensibility,"§4 de tekst benoemt zelf een uitgesproken zintuiglijke eigenschap als propositie — reliëf, textuur, lichtwerking, tactiliteit, geur of kleur die met de kijkhoek verandert"
93522,Tactile textiles in faced panels,68,2471,Sense & Sensibility,"§4 de tekst benoemt zelf een uitgesproken zintuiglijke eigenschap als propositie — reliëf, textuur, lichtwerking, tactiliteit, geur of kleur die met de kijkhoek verandert"
2096,Tactility Factory,68|73,73,Material Futures,"§4.4 geen welzijns- of natuurbelevingsclaim; patroonbesluit 19-08, bevestigd door de redactie 25-08"
25836,Takeo Paper,,2471,Sense & Sensibility,"§4 de tekst benoemt zelf een uitgesproken zintuiglijke eigenschap als propositie — reliëf, textuur, lichtwerking, tactiliteit, geur of kleur die met de kijkhoek verandert"
36739,Tandem Acoustics,917|68,917,Acoustic,"§4.4 geen welzijns- of natuurbelevingsclaim; patroonbesluit 19-08, bevestigd door de redactie 25-08"
76324,TaOk 3D tiles,68,2471,Sense & Sensibility,"§4 de tekst benoemt zelf een uitgesproken zintuiglijke eigenschap als propositie — reliëf, textuur, lichtwerking, tactiliteit, geur of kleur die met de kijkhoek verandert"
904,Tau Carbono,,2471,Sense & Sensibility,"§4 de tekst benoemt zelf een uitgesproken zintuiglijke eigenschap als propositie — reliëf, textuur, lichtwerking, tactiliteit, geur of kleur die met de kijkhoek verandert"
2117,Teakwood Embossing Stainless Steel,68,NONE,geen,"§4.4 geen welzijns- of natuurbelevingsclaim; patroonbesluit 19-08, bevestigd door de redactie 25-08"
189,Tec Line,68,NONE,geen,"§4.4 geen welzijns- of natuurbelevingsclaim; patroonbesluit 19-08, bevestigd door de redactie 25-08"
97189,Technical Matt,68,2511,Healthy & Non-Toxic,antibacterieel en veilig voor contact met voedsel
48218,Tecnoglas,68,2471,Sense & Sensibility,"§4 de tekst benoemt zelf een uitgesproken zintuiglijke eigenschap als propositie — reliëf, textuur, lichtwerking, tactiliteit, geur of kleur die met de kijkhoek verandert"
33987,Tecnoglas Mirror,68,NONE,geen,"§4.4 geen welzijns- of natuurbelevingsclaim; patroonbesluit 19-08, bevestigd door de redactie 25-08"
53654,TECU Copper and Copper Alloys,68,NONE,geen,"§4.4 geen welzijns- of natuurbelevingsclaim; patroonbesluit 19-08, bevestigd door de redactie 25-08"
33,Tempur foam,68|69,69,Smart & Responsive,"§4.4 geen welzijns- of natuurbelevingsclaim; patroonbesluit 19-08, bevestigd door de redactie 25-08"
34662,Tennâge Wood Veneer,917|68|69,917|69,Acoustic | Smart & Responsive,"§4.4 geen welzijns- of natuurbelevingsclaim; patroonbesluit 19-08, bevestigd door de redactie 25-08"
119112,Terra alchemy,68,NONE,geen,"§4.4 geen welzijns- of natuurbelevingsclaim; patroonbesluit 19-08, bevestigd door de redactie 25-08"
87788,Terra collection by Feina,68|916,916,Circular,"§4.4 geen welzijns- of natuurbelevingsclaim; patroonbesluit 19-08, bevestigd door de redactie 25-08"
2518,Terrart Baguette,68,NONE,geen,"§4.4 geen welzijns- of natuurbelevingsclaim; patroonbesluit 19-08, bevestigd door de redactie 25-08"
1898,Terrazhel,68,NONE,geen,"§4.4 geen welzijns- of natuurbelevingsclaim; patroonbesluit 19-08, bevestigd door de redactie 25-08"
2780,Terrazzo Lumina,68|916,916,Circular,"§4.4 geen welzijns- of natuurbelevingsclaim; patroonbesluit 19-08, bevestigd door de redactie 25-08"
17229,Tex-tiles,68,NONE,geen,"§4.4 geen welzijns- of natuurbelevingsclaim; patroonbesluit 19-08, bevestigd door de redactie 25-08"
52221,Texacoustic,68,NONE,geen,"§4.4 geen welzijns- of natuurbelevingsclaim; patroonbesluit 19-08, bevestigd door de redactie 25-08"
12,Texluce,,2471,Sense & Sensibility,"§4 de tekst benoemt zelf een uitgesproken zintuiglijke eigenschap als propositie — reliëf, textuur, lichtwerking, tactiliteit, geur of kleur die met de kijkhoek verandert"
70780,Textile Constructions,917|68,917,Acoustic,"§4.4 geen welzijns- of natuurbelevingsclaim; patroonbesluit 19-08, bevestigd door de redactie 25-08"
34160,Textile Sensor,68|69,69,Smart & Responsive,"§4.4 geen welzijns- of natuurbelevingsclaim; patroonbesluit 19-08, bevestigd door de redactie 25-08"
104523,TEXTILE WALLCOVERING,79|68,79,Bio-based & Living Materials,"§4.4 geen welzijns- of natuurbelevingsclaim; patroonbesluit 19-08, bevestigd door de redactie 25-08"
30020,Textiles by Mae Engelgeer,79|68,79,Bio-based & Living Materials,"§4.4 geen welzijns- of natuurbelevingsclaim; patroonbesluit 19-08, bevestigd door de redactie 25-08"
35261,Textiles ‘INSECTED’,79|68,79,Bio-based & Living Materials,"§4.4 geen welzijns- of natuurbelevingsclaim; patroonbesluit 19-08, bevestigd door de redactie 25-08"
37571,Texture surfaces,68,NONE,geen,"§4.4 geen welzijns- of natuurbelevingsclaim; patroonbesluit 19-08, bevestigd door de redactie 25-08"
715,Textured Glass,,2471,Sense & Sensibility,"§4 de tekst benoemt zelf een uitgesproken zintuiglijke eigenschap als propositie — reliëf, textuur, lichtwerking, tactiliteit, geur of kleur die met de kijkhoek verandert"
47622,Textured synthetic materials,68,NONE,geen,"§4.4 geen welzijns- of natuurbelevingsclaim; patroonbesluit 19-08, bevestigd door de redactie 25-08"
127559,The Loomia Gentoo Heated Fabric,68,NONE,geen,"§4.4 geen welzijns- of natuurbelevingsclaim; patroonbesluit 19-08, bevestigd door de redactie 25-08"
64756,The Mercury Effect,68,NONE,geen,"§4.4 geen welzijns- of natuurbelevingsclaim; patroonbesluit 19-08, bevestigd door de redactie 25-08"
72647,The production of fatigue,68,NONE,geen,"§4.4 geen welzijns- of natuurbelevingsclaim; patroonbesluit 19-08, bevestigd door de redactie 25-08"
95132,The Subtle Power Of Lines,68,2471,Sense & Sensibility,"§4 de tekst benoemt zelf een uitgesproken zintuiglijke eigenschap als propositie — reliëf, textuur, lichtwerking, tactiliteit, geur of kleur die met de kijkhoek verandert"
94197,The SuprAnodic Collection,68,NONE,geen,"§4.4 geen welzijns- of natuurbelevingsclaim; patroonbesluit 19-08, bevestigd door de redactie 25-08"
114088,The Teak Collection,68,2471,Sense & Sensibility,"§4 de tekst benoemt zelf een uitgesproken zintuiglijke eigenschap als propositie — reliëf, textuur, lichtwerking, tactiliteit, geur of kleur die met de kijkhoek verandert"
65104,The Wall Project,68,NONE,geen,"§4.4 geen welzijns- of natuurbelevingsclaim; patroonbesluit 19-08, bevestigd door de redactie 25-08"
42616,Thermochromic glass TPG,68|73|69,73|69,Material Futures | Smart & Responsive,"§4.4 geen welzijns- of natuurbelevingsclaim; patroonbesluit 19-08, bevestigd door de redactie 25-08"
2474,TIMax Decor decorative inlay,68,NONE,geen,"§4.4 geen welzijns- of natuurbelevingsclaim; patroonbesluit 19-08, bevestigd door de redactie 25-08"
66257,Time Included Cloth,68|80,80,Sustainable,"§4.4 geen welzijns- of natuurbelevingsclaim; patroonbesluit 19-08, bevestigd door de redactie 25-08"
51273,Tissue paper & clay ceramics,68,NONE,geen,"§4.4 geen welzijns- of natuurbelevingsclaim; patroonbesluit 19-08, bevestigd door de redactie 25-08"
50205,Totomoxtle,79|68,79,Bio-based & Living Materials,"§4.4 geen welzijns- of natuurbelevingsclaim; patroonbesluit 19-08, bevestigd door de redactie 25-08"
26075,Touch of Nature,79|68,79,Bio-based & Living Materials,"§4.4 geen welzijns- of natuurbelevingsclaim; patroonbesluit 19-08, bevestigd door de redactie 25-08"
34647,"Touch of Nature, walking on Coffee",79|68|916,79|916,Bio-based & Living Materials | Circular,"§4.4 geen welzijns- of natuurbelevingsclaim; patroonbesluit 19-08, bevestigd door de redactie 25-08"
126692,Traditional Indian natural dyes,79,79|2456,Bio-based & Living Materials | Regenerative,meekrap als verfplant die de bodemvruchtbaarheid verbetert
2672,Train,79|68|916,79|916,Bio-based & Living Materials | Circular,"§4.4 geen welzijns- of natuurbelevingsclaim; patroonbesluit 19-08, bevestigd door de redactie 25-08"
1274,Translucent aerogel,68,NONE,geen,"§4.4 geen welzijns- of natuurbelevingsclaim; patroonbesluit 19-08, bevestigd door de redactie 25-08"
1672,Transparent LED Film,68|69,69,Smart & Responsive,"§4.4 geen welzijns- of natuurbelevingsclaim; patroonbesluit 19-08, bevestigd door de redactie 25-08"
1343,Trend Glamour,68|73,73,Material Futures,"§4.4 geen welzijns- of natuurbelevingsclaim; patroonbesluit 19-08, bevestigd door de redactie 25-08"
129521,Trespa® Meteon® Lumen Diffuse L9000,68,2471,Sense & Sensibility,"§4 de tekst benoemt zelf een uitgesproken zintuiglijke eigenschap als propositie — reliëf, textuur, lichtwerking, tactiliteit, geur of kleur die met de kijkhoek verandert"
2127,Trespex B.W. Colored,,2471,Sense & Sensibility,"§4 de tekst benoemt zelf een uitgesproken zintuiglijke eigenschap als propositie — reliëf, textuur, lichtwerking, tactiliteit, geur of kleur die met de kijkhoek verandert"
32676,TriFold,79|68,79,Bio-based & Living Materials,"§4.4 geen welzijns- of natuurbelevingsclaim; patroonbesluit 19-08, bevestigd door de redactie 25-08"
979,Tundra – Techno,,2471,Sense & Sensibility,"§4 de tekst benoemt zelf een uitgesproken zintuiglijke eigenschap als propositie — reliëf, textuur, lichtwerking, tactiliteit, geur of kleur die met de kijkhoek verandert"
99204,Turmeric as ‘mood booster’,79|68,79,Bio-based & Living Materials,"§4.4 geen welzijns- of natuurbelevingsclaim; patroonbesluit 19-08, bevestigd door de redactie 25-08"
344,Twentinox Fabrics,68,NONE,geen,"§4.4 geen welzijns- of natuurbelevingsclaim; patroonbesluit 19-08, bevestigd door de redactie 25-08"
55307,Twincolour,917|68,917,Acoustic,"§4.4 geen welzijns- of natuurbelevingsclaim; patroonbesluit 19-08, bevestigd door de redactie 25-08"
2135,Tyvek UV Façade & Tyvek Roofliner,68,NONE,geen,"§4.4 geen welzijns- of natuurbelevingsclaim; patroonbesluit 19-08, bevestigd door de redactie 25-08"
18955,Ultra thin stone veneer,68|73|69,73|69,Material Futures | Smart & Responsive,"§4.4 geen welzijns- of natuurbelevingsclaim; patroonbesluit 19-08, bevestigd door de redactie 25-08"
81565,Uncomfortable,68|916,916,Circular,"§4.4 geen welzijns- of natuurbelevingsclaim; patroonbesluit 19-08, bevestigd door de redactie 25-08"
31388,Unismooth,79|68,79,Bio-based & Living Materials,"§4.4 geen welzijns- of natuurbelevingsclaim; patroonbesluit 19-08, bevestigd door de redactie 25-08"
74856,Unravel,68,NONE,geen,"§4.4 geen welzijns- of natuurbelevingsclaim; patroonbesluit 19-08, bevestigd door de redactie 25-08"
2661,Uonuon,68,NONE,geen,"§4.4 geen welzijns- of natuurbelevingsclaim; patroonbesluit 19-08, bevestigd door de redactie 25-08"
126808,Urban Reef,68|916,916|2601|2456,Circular | Living Materials | Regenerative,3D-geprinte structuur die habitats voor stadsleven moet vormen
586,Valchromat coloured MDF,68,NONE,geen,"§4.4 geen welzijns- of natuurbelevingsclaim; patroonbesluit 19-08, bevestigd door de redactie 25-08"
100,VD-works surface design,68,NONE,geen,"§4.4 geen welzijns- of natuurbelevingsclaim; patroonbesluit 19-08, bevestigd door de redactie 25-08"
79394,Veilish,917|79|68,917|79,Acoustic | Bio-based & Living Materials,"§4.4 geen welzijns- of natuurbelevingsclaim; patroonbesluit 19-08, bevestigd door de redactie 25-08"
29770,Velero Textile,68|73|69,73|69,Material Futures | Smart & Responsive,"§4.4 geen welzijns- of natuurbelevingsclaim; patroonbesluit 19-08, bevestigd door de redactie 25-08"
31907,Velvet Indigo,79|68,79,Bio-based & Living Materials,"§4.4 geen welzijns- of natuurbelevingsclaim; patroonbesluit 19-08, bevestigd door de redactie 25-08"
25765,VeroMetal,68,NONE,geen,"§4.4 geen welzijns- of natuurbelevingsclaim; patroonbesluit 19-08, bevestigd door de redactie 25-08"
83380,VeroMetal and shop interiors,68,NONE,geen,"§4.4 geen welzijns- of natuurbelevingsclaim; patroonbesluit 19-08, bevestigd door de redactie 25-08"
25766,VeroMetal Applications,68,NONE,geen,"§4.4 geen welzijns- of natuurbelevingsclaim; patroonbesluit 19-08, bevestigd door de redactie 25-08"
83241,VeroMetal AquaFill® metal stucco,68,NONE,geen,"§4.4 geen welzijns- of natuurbelevingsclaim; patroonbesluit 19-08, bevestigd door de redactie 25-08"
92535,VeroMetal® Antimicrobial,68|69,69|2511,Smart & Responsive | Healthy & Non-Toxic,antimicrobiële coating met 99% afdoding binnen dertig minuten
128932,Versato,68,NONE,geen,"§4.4 geen welzijns- of natuurbelevingsclaim; patroonbesluit 19-08, bevestigd door de redactie 25-08"
74343,Versato Crystal,68,NONE,geen,"§4.4 geen welzijns- of natuurbelevingsclaim; patroonbesluit 19-08, bevestigd door de redactie 25-08"
39659,Versato Myst,917|68,917,Acoustic,"§4.4 geen welzijns- of natuurbelevingsclaim; patroonbesluit 19-08, bevestigd door de redactie 25-08"
120916,Versato Translucent Stone,68,2471,Sense & Sensibility,"§4 de tekst benoemt zelf een uitgesproken zintuiglijke eigenschap als propositie — reliëf, textuur, lichtwerking, tactiliteit, geur of kleur die met de kijkhoek verandert"
2785,Vertigo – concrete,,2471,Sense & Sensibility,"§4 de tekst benoemt zelf een uitgesproken zintuiglijke eigenschap als propositie — reliëf, textuur, lichtwerking, tactiliteit, geur of kleur die met de kijkhoek verandert"
76308,VeSta & KuQua tiles,68,NONE,geen,"§4.4 geen welzijns- of natuurbelevingsclaim; patroonbesluit 19-08, bevestigd door de redactie 25-08"
134901,Viaplant,68,68|2601,Biophilic & Human-Centred | Living Materials,"§4 zichtbaar botanisch materiaal in het plaatmateriaal — nieuw channel Living Materials, afgesplitst van Bio-based"
310,VIBRATO,,2471,Sense & Sensibility,"§4 de tekst benoemt zelf een uitgesproken zintuiglijke eigenschap als propositie — reliëf, textuur, lichtwerking, tactiliteit, geur of kleur die met de kijkhoek verandert"
35940,Vinterio,79|68,79,Bio-based & Living Materials,"§4.4 geen welzijns- of natuurbelevingsclaim; patroonbesluit 19-08, bevestigd door de redactie 25-08"
2763,Vinyl in welded Designs,68|75,75,New Making,"§4.4 geen welzijns- of natuurbelevingsclaim; patroonbesluit 19-08, bevestigd door de redactie 25-08"
104535,VINYL WALLCOVERING,68,NONE,geen,"§4.4 geen welzijns- of natuurbelevingsclaim; patroonbesluit 19-08, bevestigd door de redactie 25-08"
1841,Visu Glass Blocks,68,2471,Sense & Sensibility,"§4 de tekst benoemt zelf een uitgesproken zintuiglijke eigenschap als propositie — reliëf, textuur, lichtwerking, tactiliteit, geur of kleur die met de kijkhoek verandert"
105957,Vlisco Recycled Carpets,79|68|916,79|916,Bio-based & Living Materials | Circular,"§4.4 geen welzijns- of natuurbelevingsclaim; patroonbesluit 19-08, bevestigd door de redactie 25-08"
79175,Waffle fabric,68,NONE,geen,"§4.4 geen welzijns- of natuurbelevingsclaim; patroonbesluit 19-08, bevestigd door de redactie 25-08"
50525,Wall+ wall panels,79|68,79,Bio-based & Living Materials,"§4.4 geen welzijns- of natuurbelevingsclaim; patroonbesluit 19-08, bevestigd door de redactie 25-08"
1639,Walled-Paper,,2471,Sense & Sensibility,"§4 de tekst benoemt zelf een uitgesproken zintuiglijke eigenschap als propositie — reliëf, textuur, lichtwerking, tactiliteit, geur of kleur die met de kijkhoek verandert"
1588,Wallpaper tile,68,NONE,geen,"§4.4 geen welzijns- of natuurbelevingsclaim; patroonbesluit 19-08, bevestigd door de redactie 25-08"
46894,Warmbeton,68|77|75,77|75,Lightweight | New Making,"§4.4 geen welzijns- of natuurbelevingsclaim; patroonbesluit 19-08, bevestigd door de redactie 25-08"
86209,Warp-knitted fabrics with Naia™,68,2471,Sense & Sensibility,"§4 de tekst benoemt zelf een uitgesproken zintuiglijke eigenschap als propositie — reliëf, textuur, lichtwerking, tactiliteit, geur of kleur die met de kijkhoek verandert"
745,Washi Artisan Parchment,79|68,79,Bio-based & Living Materials,"§4.4 geen welzijns- of natuurbelevingsclaim; patroonbesluit 19-08, bevestigd door de redactie 25-08"
29093,Washi HPL,79|68,79,Bio-based & Living Materials,"§4.4 geen welzijns- of natuurbelevingsclaim; patroonbesluit 19-08, bevestigd door de redactie 25-08"
76606,Water Tiles,68,NONE,geen,"§4.4 geen welzijns- of natuurbelevingsclaim; patroonbesluit 19-08, bevestigd door de redactie 25-08"
69392,Waterstruck bricks multi sintered,68,NONE,geen,"§4.4 geen welzijns- of natuurbelevingsclaim; patroonbesluit 19-08, bevestigd door de redactie 25-08"
20260,WaxedWood (Color),68|2453,2453,Timber,"§4.4 geen welzijns- of natuurbelevingsclaim; patroonbesluit 19-08, bevestigd door de redactie 25-08"
56051,WEAVE concrete tiles,68,NONE,geen,"§4.4 geen welzijns- of natuurbelevingsclaim; patroonbesluit 19-08, bevestigd door de redactie 25-08"
1458,Weavewood,68,NONE,geen,"§4.4 geen welzijns- of natuurbelevingsclaim; patroonbesluit 19-08, bevestigd door de redactie 25-08"
2507,Web Art Pebble Beach,68,NONE,geen,"§4.4 geen welzijns- of natuurbelevingsclaim; patroonbesluit 19-08, bevestigd door de redactie 25-08"
1303,WellTec & PlanTec,917|68,917,Acoustic,"§4.4 geen welzijns- of natuurbelevingsclaim; patroonbesluit 19-08, bevestigd door de redactie 25-08"
1525,Wire Mesh,68|75,75,New Making,"§4.4 geen welzijns- of natuurbelevingsclaim; patroonbesluit 19-08, bevestigd door de redactie 25-08"
59588,Wireglass,68,NONE,geen,"§4.4 geen welzijns- of natuurbelevingsclaim; patroonbesluit 19-08, bevestigd door de redactie 25-08"
80229,Wolwaeren Collection,917|79|68,917|79,Acoustic | Bio-based & Living Materials,"§4.4 geen welzijns- of natuurbelevingsclaim; patroonbesluit 19-08, bevestigd door de redactie 25-08"
27694,Wonderland,68,2471,Sense & Sensibility,"§4 de tekst benoemt zelf een uitgesproken zintuiglijke eigenschap als propositie — reliëf, textuur, lichtwerking, tactiliteit, geur of kleur die met de kijkhoek verandert"
1579,Wood look,68,2471,Sense & Sensibility,"§4 de tekst benoemt zelf een uitgesproken zintuiglijke eigenschap als propositie — reliëf, textuur, lichtwerking, tactiliteit, geur of kleur die met de kijkhoek verandert"
48344,Wood mosaic,79|68,79,Bio-based & Living Materials,"§4.4 geen welzijns- of natuurbelevingsclaim; patroonbesluit 19-08, bevestigd door de redactie 25-08"
1690,Wood paper,79|68,79,Bio-based & Living Materials,"§4.4 geen welzijns- of natuurbelevingsclaim; patroonbesluit 19-08, bevestigd door de redactie 25-08"
45727,Wood textile,68,NONE,geen,"§4.4 geen welzijns- of natuurbelevingsclaim; patroonbesluit 19-08, bevestigd door de redactie 25-08"
55320,Wood veneer – Roble Collection,917|68,917,Acoustic,"§4.4 geen welzijns- of natuurbelevingsclaim; patroonbesluit 19-08, bevestigd door de redactie 25-08"
40628,"Wood, cork & Perspex",917|79|68,917|79,Acoustic | Bio-based & Living Materials,"§4.4 geen welzijns- of natuurbelevingsclaim; patroonbesluit 19-08, bevestigd door de redactie 25-08"
42161,Wood-skin,68|73,73,Material Futures,"§4.4 geen welzijns- of natuurbelevingsclaim; patroonbesluit 19-08, bevestigd door de redactie 25-08"
34261,Woodcarved Panels,79|68,79,Bio-based & Living Materials,"§4.4 geen welzijns- of natuurbelevingsclaim; patroonbesluit 19-08, bevestigd door de redactie 25-08"
40462,Wooden colour,79|68,79,Bio-based & Living Materials,"§4.4 geen welzijns- of natuurbelevingsclaim; patroonbesluit 19-08, bevestigd door de redactie 25-08"
31939,Wooden Textile,79|68|73,79|73,Bio-based & Living Materials | Material Futures,"§4.4 geen welzijns- of natuurbelevingsclaim; patroonbesluit 19-08, bevestigd door de redactie 25-08"
2494,Wooden Textiles,917|68,917,Acoustic,"§4.4 geen welzijns- of natuurbelevingsclaim; patroonbesluit 19-08, bevestigd door de redactie 25-08"
120204,Wooden wall panels,917|68,917,Acoustic,"§4.4 geen welzijns- of natuurbelevingsclaim; patroonbesluit 19-08, bevestigd door de redactie 25-08"
127179,Woodflow-skin,79|68,79,Bio-based & Living Materials,"§4.4 geen welzijns- of natuurbelevingsclaim; patroonbesluit 19-08, bevestigd door de redactie 25-08"
128588,WoodFrame Slim Oak PreConsumer,68|916,916,Circular,"§4.4 geen welzijns- of natuurbelevingsclaim; patroonbesluit 19-08, bevestigd door de redactie 25-08"
128579,WoodFrame Slim Reclaimed Meranti PostConsumer,68|916,916,Circular,"§4.4 geen welzijns- of natuurbelevingsclaim; patroonbesluit 19-08, bevestigd door de redactie 25-08"
58346,Wool Fugenband,917|79|68,917|79|2511,Acoustic | Bio-based & Living Materials | Healthy & Non-Toxic,zuivert de lucht en reguleert de luchtvochtigheid
106016,WooWood,68|73,73,Material Futures,"§4.4 geen welzijns- of natuurbelevingsclaim; patroonbesluit 19-08, bevestigd door de redactie 25-08"
38876,Woven Animation,68,2471,Sense & Sensibility,"§4 de tekst benoemt zelf een uitgesproken zintuiglijke eigenschap als propositie — reliëf, textuur, lichtwerking, tactiliteit, geur of kleur die met de kijkhoek verandert"
1439,Woven Panels,917|68,917,Acoustic,"§4.4 geen welzijns- of natuurbelevingsclaim; patroonbesluit 19-08, bevestigd door de redactie 25-08"
83784,Woven recycled material,68|916,916,Circular,"§4.4 geen welzijns- of natuurbelevingsclaim; patroonbesluit 19-08, bevestigd door de redactie 25-08"
107816,X-KIN®,68,NONE,geen,"§4.4 geen welzijns- of natuurbelevingsclaim; patroonbesluit 19-08, bevestigd door de redactie 25-08"
1631,XYMARA Effect Pigments,68,2471,Sense & Sensibility,"§4 de tekst benoemt zelf een uitgesproken zintuiglijke eigenschap als propositie — reliëf, textuur, lichtwerking, tactiliteit, geur of kleur die met de kijkhoek verandert"
20058,Y Shield,68,NONE,geen,"§4.4 geen welzijns- of natuurbelevingsclaim; patroonbesluit 19-08, bevestigd door de redactie 25-08"
65095,YD-Woods,68,2471,Sense & Sensibility,"§4 de tekst benoemt zelf een uitgesproken zintuiglijke eigenschap als propositie — reliëf, textuur, lichtwerking, tactiliteit, geur of kleur die met de kijkhoek verandert"
109122,YiBrick – Handmade & Permeable Brick,916,916|2456,Circular | Regenerative,sponsstad-bestrating gericht op herstel van de ecologische omgeving
109005,YiTile,68|916,916,Circular,"§4.4 geen welzijns- of natuurbelevingsclaim; patroonbesluit 19-08, bevestigd door de redactie 25-08"
115910,Yoroi,79|68,79,Bio-based & Living Materials,"§4.4 geen welzijns- of natuurbelevingsclaim; patroonbesluit 19-08, bevestigd door de redactie 25-08"
40982,Younique®,68,NONE,geen,"§4.4 geen welzijns- of natuurbelevingsclaim; patroonbesluit 19-08, bevestigd door de redactie 25-08"
2162,Zanders paper Collection,,2471,Sense & Sensibility,"§4 de tekst benoemt zelf een uitgesproken zintuiglijke eigenschap als propositie — reliëf, textuur, lichtwerking, tactiliteit, geur of kleur die met de kijkhoek verandert"
110967,Zephyr Mesh,68,NONE,geen,"§4.4 geen welzijns- of natuurbelevingsclaim; patroonbesluit 19-08, bevestigd door de redactie 25-08"
129956,Zintek – Titanium zinc,68,NONE,geen,"§4.4 geen welzijns- of natuurbelevingsclaim; patroonbesluit 19-08, bevestigd door de redactie 25-08"
20974,‏Lava Tiles (Flower print),68,NONE,geen,"§4.4 geen welzijns- of natuurbelevingsclaim; patroonbesluit 19-08, bevestigd door de redactie 25-08"
136814,‘Carbon Capture’ tiles,68,NONE,geen,"§4.4 geen welzijns- of natuurbelevingsclaim; patroonbesluit 19-08, bevestigd door de redactie 25-08"
2503,’METAL’ Collection,68,NONE,geen,"§4.4 geen welzijns- of natuurbelevingsclaim; patroonbesluit 19-08, bevestigd door de redactie 25-08"
98568,“CAVA” SPARKLING BY NATURE,68,NONE,geen,"§4.4 geen welzijns- of natuurbelevingsclaim; patroonbesluit 19-08, bevestigd door de redactie 25-08"
